ISO-10303-21;
HEADER;
FILE_DESCRIPTION(('FreeCAD Model'),'2;1');
FILE_NAME('Open CASCADE Shape Model','2026-09-03T15:23:28',(''),(''),
  'Open CASCADE STEP processor 7.8','FreeCAD','Unknown');
FILE_SCHEMA(('AUTOMOTIVE_DESIGN { 1 0 10303 214 1 1 1 1 }'));
ENDSEC;
DATA;
#1 = APPLICATION_PROTOCOL_DEFINITION('international standard',
  'automotive_design',2000,#2);
#2 = APPLICATION_CONTEXT(
  'core data for automotive mechanical design processes');
#3 = SHAPE_DEFINITION_REPRESENTATION(#4,#10);
#4 = PRODUCT_DEFINITION_SHAPE('','',#5);
#5 = PRODUCT_DEFINITION('design','',#6,#9);
#6 = PRODUCT_DEFINITION_FORMATION('','',#7);
#7 = PRODUCT('Case','Case','',(#8));
#8 = PRODUCT_CONTEXT('',#2,'mechanical');
#9 = PRODUCT_DEFINITION_CONTEXT('part definition',#2,'design');
#10 = ADVANCED_BREP_SHAPE_REPRESENTATION('',(#11,#15),#2436);
#11 = AXIS2_PLACEMENT_3D('',#12,#13,#14);
#12 = CARTESIAN_POINT('',(0.,0.,0.));
#13 = DIRECTION('',(0.,0.,1.));
#14 = DIRECTION('',(1.,0.,-0.));
#15 = MANIFOLD_SOLID_BREP('',#16);
#16 = CLOSED_SHELL('',(#17,#163,#205,#230,#255,#349,#373,#398,#423,#440,
    #514,#539,#627,#652,#708,#733,#891,#909,#959,#976,#1008,#1032,#1057,
    #1081,#1106,#1130,#1155,#1172,#1274,#1314,#1343,#1379,#1412,#1429,
    #1457,#1469,#1505,#1529,#1564,#1581,#1595,#1631,#1664,#1681,#1709,
    #1721,#1738,#1766,#1778,#1809,#1834,#1858,#1883,#1907,#1932,#1956,
    #1974,#2005,#2029,#2053,#2070,#2096,#2118,#2135,#2152,#2164,#2189,
    #2214,#2239,#2264,#2289,#2314,#2339,#2364,#2373,#2382,#2391,#2400,
    #2409,#2418,#2427));
#17 = ADVANCED_FACE('',(#18,#88),#158,.T.);
#18 = FACE_BOUND('',#19,.T.);
#19 = EDGE_LOOP('',(#20,#30,#39,#47,#56,#64,#73,#81));
#20 = ORIENTED_EDGE('',*,*,#21,.T.);
#21 = EDGE_CURVE('',#22,#24,#26,.T.);
#22 = VERTEX_POINT('',#23);
#23 = CARTESIAN_POINT('',(-24.99816341429,-50.8,25.4));
#24 = VERTEX_POINT('',#25);
#25 = CARTESIAN_POINT('',(23.261836585707,-50.8,25.4));
#26 = LINE('',#27,#28);
#27 = CARTESIAN_POINT('',(-32.61816341429,-50.8,25.4));
#28 = VECTOR('',#29,1.);
#29 = DIRECTION('',(1.,0.,0.));
#30 = ORIENTED_EDGE('',*,*,#31,.T.);
#31 = EDGE_CURVE('',#24,#32,#34,.T.);
#32 = VERTEX_POINT('',#33);
#33 = CARTESIAN_POINT('',(30.881836585707,-43.18,25.4));
#34 = CIRCLE('',#35,7.62);
#35 = AXIS2_PLACEMENT_3D('',#36,#37,#38);
#36 = CARTESIAN_POINT('',(23.261836585707,-43.18,25.4));
#37 = DIRECTION('',(0.,-0.,1.));
#38 = DIRECTION('',(0.,1.,0.));
#39 = ORIENTED_EDGE('',*,*,#40,.T.);
#40 = EDGE_CURVE('',#32,#41,#43,.T.);
#41 = VERTEX_POINT('',#42);
#42 = CARTESIAN_POINT('',(30.881836585707,43.18,25.4));
#43 = LINE('',#44,#45);
#44 = CARTESIAN_POINT('',(30.881836585707,-50.8,25.4));
#45 = VECTOR('',#46,1.);
#46 = DIRECTION('',(0.,1.,0.));
#47 = ORIENTED_EDGE('',*,*,#48,.T.);
#48 = EDGE_CURVE('',#41,#49,#51,.T.);
#49 = VERTEX_POINT('',#50);
#50 = CARTESIAN_POINT('',(23.261836585707,50.8,25.4));
#51 = CIRCLE('',#52,7.62);
#52 = AXIS2_PLACEMENT_3D('',#53,#54,#55);
#53 = CARTESIAN_POINT('',(23.261836585707,43.18,25.4));
#54 = DIRECTION('',(0.,-0.,1.));
#55 = DIRECTION('',(0.,1.,0.));
#56 = ORIENTED_EDGE('',*,*,#57,.T.);
#57 = EDGE_CURVE('',#49,#58,#60,.T.);
#58 = VERTEX_POINT('',#59);
#59 = CARTESIAN_POINT('',(-24.99816341429,50.8,25.4));
#60 = LINE('',#61,#62);
#61 = CARTESIAN_POINT('',(30.881836585707,50.8,25.4));
#62 = VECTOR('',#63,1.);
#63 = DIRECTION('',(-1.,0.,0.));
#64 = ORIENTED_EDGE('',*,*,#65,.T.);
#65 = EDGE_CURVE('',#58,#66,#68,.T.);
#66 = VERTEX_POINT('',#67);
#67 = CARTESIAN_POINT('',(-32.61816341429,43.18,25.4));
#68 = CIRCLE('',#69,7.62);
#69 = AXIS2_PLACEMENT_3D('',#70,#71,#72);
#70 = CARTESIAN_POINT('',(-24.99816341429,43.18,25.4));
#71 = DIRECTION('',(-0.,0.,1.));
#72 = DIRECTION('',(0.,-1.,0.));
#73 = ORIENTED_EDGE('',*,*,#74,.T.);
#74 = EDGE_CURVE('',#66,#75,#77,.T.);
#75 = VERTEX_POINT('',#76);
#76 = CARTESIAN_POINT('',(-32.61816341429,-43.18,25.4));
#77 = LINE('',#78,#79);
#78 = CARTESIAN_POINT('',(-32.61816341429,50.8,25.4));
#79 = VECTOR('',#80,1.);
#80 = DIRECTION('',(0.,-1.,0.));
#81 = ORIENTED_EDGE('',*,*,#82,.F.);
#82 = EDGE_CURVE('',#22,#75,#83,.T.);
#83 = CIRCLE('',#84,7.62);
#84 = AXIS2_PLACEMENT_3D('',#85,#86,#87);
#85 = CARTESIAN_POINT('',(-24.99816341429,-43.18,25.4));
#86 = DIRECTION('',(-0.,-0.,-1.));
#87 = DIRECTION('',(0.,-1.,0.));
#88 = FACE_BOUND('',#89,.T.);
#89 = EDGE_LOOP('',(#90,#100,#109,#117,#126,#134,#143,#151));
#90 = ORIENTED_EDGE('',*,*,#91,.F.);
#91 = EDGE_CURVE('',#92,#94,#96,.T.);
#92 = VERTEX_POINT('',#93);
#93 = CARTESIAN_POINT('',(-24.99816341429,-48.26,25.4));
#94 = VERTEX_POINT('',#95);
#95 = CARTESIAN_POINT('',(23.261836585707,-48.26,25.4));
#96 = LINE('',#97,#98);
#97 = CARTESIAN_POINT('',(-24.99816341429,-48.26,25.4));
#98 = VECTOR('',#99,1.);
#99 = DIRECTION('',(1.,0.,0.));
#100 = ORIENTED_EDGE('',*,*,#101,.T.);
#101 = EDGE_CURVE('',#92,#102,#104,.T.);
#102 = VERTEX_POINT('',#103);
#103 = CARTESIAN_POINT('',(-30.07816341429,-43.18,25.4));
#104 = CIRCLE('',#105,5.08);
#105 = AXIS2_PLACEMENT_3D('',#106,#107,#108);
#106 = CARTESIAN_POINT('',(-24.99816341429,-43.18,25.4));
#107 = DIRECTION('',(-0.,-0.,-1.));
#108 = DIRECTION('',(0.,-1.,0.));
#109 = ORIENTED_EDGE('',*,*,#110,.F.);
#110 = EDGE_CURVE('',#111,#102,#113,.T.);
#111 = VERTEX_POINT('',#112);
#112 = CARTESIAN_POINT('',(-30.07816341429,43.18,25.4));
#113 = LINE('',#114,#115);
#114 = CARTESIAN_POINT('',(-30.07816341429,43.18,25.4));
#115 = VECTOR('',#116,1.);
#116 = DIRECTION('',(0.,-1.,0.));
#117 = ORIENTED_EDGE('',*,*,#118,.F.);
#118 = EDGE_CURVE('',#119,#111,#121,.T.);
#119 = VERTEX_POINT('',#120);
#120 = CARTESIAN_POINT('',(-24.99816341429,48.26,25.4));
#121 = CIRCLE('',#122,5.08);
#122 = AXIS2_PLACEMENT_3D('',#123,#124,#125);
#123 = CARTESIAN_POINT('',(-24.99816341429,43.18,25.4));
#124 = DIRECTION('',(-0.,0.,1.));
#125 = DIRECTION('',(0.,-1.,0.));
#126 = ORIENTED_EDGE('',*,*,#127,.F.);
#127 = EDGE_CURVE('',#128,#119,#130,.T.);
#128 = VERTEX_POINT('',#129);
#129 = CARTESIAN_POINT('',(23.261836585707,48.26,25.4));
#130 = LINE('',#131,#132);
#131 = CARTESIAN_POINT('',(23.261836585707,48.26,25.4));
#132 = VECTOR('',#133,1.);
#133 = DIRECTION('',(-1.,0.,0.));
#134 = ORIENTED_EDGE('',*,*,#135,.F.);
#135 = EDGE_CURVE('',#136,#128,#138,.T.);
#136 = VERTEX_POINT('',#137);
#137 = CARTESIAN_POINT('',(28.341836585707,43.18,25.4));
#138 = CIRCLE('',#139,5.08);
#139 = AXIS2_PLACEMENT_3D('',#140,#141,#142);
#140 = CARTESIAN_POINT('',(23.261836585707,43.18,25.4));
#141 = DIRECTION('',(-0.,0.,1.));
#142 = DIRECTION('',(0.,-1.,0.));
#143 = ORIENTED_EDGE('',*,*,#144,.F.);
#144 = EDGE_CURVE('',#145,#136,#147,.T.);
#145 = VERTEX_POINT('',#146);
#146 = CARTESIAN_POINT('',(28.341836585707,-43.18,25.4));
#147 = LINE('',#148,#149);
#148 = CARTESIAN_POINT('',(28.341836585707,-43.18,25.4));
#149 = VECTOR('',#150,1.);
#150 = DIRECTION('',(0.,1.,0.));
#151 = ORIENTED_EDGE('',*,*,#152,.F.);
#152 = EDGE_CURVE('',#94,#145,#153,.T.);
#153 = CIRCLE('',#154,5.08);
#154 = AXIS2_PLACEMENT_3D('',#155,#156,#157);
#155 = CARTESIAN_POINT('',(23.261836585707,-43.18,25.4));
#156 = DIRECTION('',(-0.,0.,1.));
#157 = DIRECTION('',(0.,-1.,0.));
#158 = PLANE('',#159);
#159 = AXIS2_PLACEMENT_3D('',#160,#161,#162);
#160 = CARTESIAN_POINT('',(-0.868163414293,-1.705808057972E-15,25.4));
#161 = DIRECTION('',(0.,0.,1.));
#162 = DIRECTION('',(1.,0.,0.));
#163 = ADVANCED_FACE('',(#164,#189),#200,.T.);
#164 = FACE_BOUND('',#165,.T.);
#165 = EDGE_LOOP('',(#166,#176,#182,#183));
#166 = ORIENTED_EDGE('',*,*,#167,.T.);
#167 = EDGE_CURVE('',#168,#170,#172,.T.);
#168 = VERTEX_POINT('',#169);
#169 = CARTESIAN_POINT('',(-24.99816341429,-50.8,-2.54));
#170 = VERTEX_POINT('',#171);
#171 = CARTESIAN_POINT('',(23.261836585707,-50.8,-2.54));
#172 = LINE('',#173,#174);
#173 = CARTESIAN_POINT('',(-32.61816341429,-50.8,-2.54));
#174 = VECTOR('',#175,1.);
#175 = DIRECTION('',(1.,0.,0.));
#176 = ORIENTED_EDGE('',*,*,#177,.F.);
#177 = EDGE_CURVE('',#24,#170,#178,.T.);
#178 = LINE('',#179,#180);
#179 = CARTESIAN_POINT('',(23.261836585707,-50.8,25.4));
#180 = VECTOR('',#181,1.);
#181 = DIRECTION('',(0.,0.,-1.));
#182 = ORIENTED_EDGE('',*,*,#21,.F.);
#183 = ORIENTED_EDGE('',*,*,#184,.F.);
#184 = EDGE_CURVE('',#168,#22,#185,.T.);
#185 = LINE('',#186,#187);
#186 = CARTESIAN_POINT('',(-24.99816341429,-50.8,-2.54));
#187 = VECTOR('',#188,1.);
#188 = DIRECTION('',(0.,0.,1.));
#189 = FACE_BOUND('',#190,.T.);
#190 = EDGE_LOOP('',(#191));
#191 = ORIENTED_EDGE('',*,*,#192,.F.);
#192 = EDGE_CURVE('',#193,#193,#195,.T.);
#193 = VERTEX_POINT('',#194);
#194 = CARTESIAN_POINT('',(11.260336585707,-50.8,6.35));
#195 = CIRCLE('',#196,3.2385);
#196 = AXIS2_PLACEMENT_3D('',#197,#198,#199);
#197 = CARTESIAN_POINT('',(8.021836585707,-50.8,6.35));
#198 = DIRECTION('',(0.,-1.,0.));
#199 = DIRECTION('',(1.,0.,0.));
#200 = PLANE('',#201);
#201 = AXIS2_PLACEMENT_3D('',#202,#203,#204);
#202 = CARTESIAN_POINT('',(-0.868163414293,-50.8,11.43));
#203 = DIRECTION('',(-0.,-1.,-0.));
#204 = DIRECTION('',(0.,0.,-1.));
#205 = ADVANCED_FACE('',(#206),#225,.T.);
#206 = FACE_BOUND('',#207,.F.);
#207 = EDGE_LOOP('',(#208,#217,#223,#224));
#208 = ORIENTED_EDGE('',*,*,#209,.T.);
#209 = EDGE_CURVE('',#168,#210,#212,.T.);
#210 = VERTEX_POINT('',#211);
#211 = CARTESIAN_POINT('',(-32.61816341429,-43.18,-2.54));
#212 = CIRCLE('',#213,7.62);
#213 = AXIS2_PLACEMENT_3D('',#214,#215,#216);
#214 = CARTESIAN_POINT('',(-24.99816341429,-43.18,-2.54));
#215 = DIRECTION('',(-0.,-0.,-1.));
#216 = DIRECTION('',(0.,-1.,0.));
#217 = ORIENTED_EDGE('',*,*,#218,.T.);
#218 = EDGE_CURVE('',#210,#75,#219,.T.);
#219 = LINE('',#220,#221);
#220 = CARTESIAN_POINT('',(-32.61816341429,-43.18,-2.54));
#221 = VECTOR('',#222,1.);
#222 = DIRECTION('',(0.,0.,1.));
#223 = ORIENTED_EDGE('',*,*,#82,.F.);
#224 = ORIENTED_EDGE('',*,*,#184,.F.);
#225 = CYLINDRICAL_SURFACE('',#226,7.62);
#226 = AXIS2_PLACEMENT_3D('',#227,#228,#229);
#227 = CARTESIAN_POINT('',(-24.99816341429,-43.18,-2.54));
#228 = DIRECTION('',(0.,0.,1.));
#229 = DIRECTION('',(0.,-1.,0.));
#230 = ADVANCED_FACE('',(#231),#250,.T.);
#231 = FACE_BOUND('',#232,.F.);
#232 = EDGE_LOOP('',(#233,#234,#242,#249));
#233 = ORIENTED_EDGE('',*,*,#31,.T.);
#234 = ORIENTED_EDGE('',*,*,#235,.T.);
#235 = EDGE_CURVE('',#32,#236,#238,.T.);
#236 = VERTEX_POINT('',#237);
#237 = CARTESIAN_POINT('',(30.881836585707,-43.18,-2.54));
#238 = LINE('',#239,#240);
#239 = CARTESIAN_POINT('',(30.881836585707,-43.18,25.4));
#240 = VECTOR('',#241,1.);
#241 = DIRECTION('',(0.,0.,-1.));
#242 = ORIENTED_EDGE('',*,*,#243,.F.);
#243 = EDGE_CURVE('',#170,#236,#244,.T.);
#244 = CIRCLE('',#245,7.62);
#245 = AXIS2_PLACEMENT_3D('',#246,#247,#248);
#246 = CARTESIAN_POINT('',(23.261836585707,-43.18,-2.54));
#247 = DIRECTION('',(0.,-0.,1.));
#248 = DIRECTION('',(0.,1.,0.));
#249 = ORIENTED_EDGE('',*,*,#177,.F.);
#250 = CYLINDRICAL_SURFACE('',#251,7.62);
#251 = AXIS2_PLACEMENT_3D('',#252,#253,#254);
#252 = CARTESIAN_POINT('',(23.261836585707,-43.18,25.4));
#253 = DIRECTION('',(0.,0.,-1.));
#254 = DIRECTION('',(0.,-1.,0.));
#255 = ADVANCED_FACE('',(#256,#274),#344,.T.);
#256 = FACE_BOUND('',#257,.T.);
#257 = EDGE_LOOP('',(#258,#266,#267,#268));
#258 = ORIENTED_EDGE('',*,*,#259,.T.);
#259 = EDGE_CURVE('',#260,#210,#262,.T.);
#260 = VERTEX_POINT('',#261);
#261 = CARTESIAN_POINT('',(-32.61816341429,43.18,-2.54));
#262 = LINE('',#263,#264);
#263 = CARTESIAN_POINT('',(-32.61816341429,50.8,-2.54));
#264 = VECTOR('',#265,1.);
#265 = DIRECTION('',(0.,-1.,0.));
#266 = ORIENTED_EDGE('',*,*,#218,.T.);
#267 = ORIENTED_EDGE('',*,*,#74,.F.);
#268 = ORIENTED_EDGE('',*,*,#269,.F.);
#269 = EDGE_CURVE('',#260,#66,#270,.T.);
#270 = LINE('',#271,#272);
#271 = CARTESIAN_POINT('',(-32.61816341429,43.18,-2.54));
#272 = VECTOR('',#273,1.);
#273 = DIRECTION('',(0.,0.,1.));
#274 = FACE_BOUND('',#275,.T.);
#275 = EDGE_LOOP('',(#276,#287,#295,#304,#312,#321,#329,#338));
#276 = ORIENTED_EDGE('',*,*,#277,.F.);
#277 = EDGE_CURVE('',#278,#280,#282,.T.);
#278 = VERTEX_POINT('',#279);
#279 = CARTESIAN_POINT('',(-32.61816341429,-3.683,-0.5715));
#280 = VERTEX_POINT('',#281);
#281 = CARTESIAN_POINT('',(-32.61816341429,-7.493,3.2385));
#282 = CIRCLE('',#283,3.81);
#283 = AXIS2_PLACEMENT_3D('',#284,#285,#286);
#284 = CARTESIAN_POINT('',(-32.61816341429,-3.683,3.2385));
#285 = DIRECTION('',(-1.,0.,0.));
#286 = DIRECTION('',(0.,-1.110223024625E-16,1.));
#287 = ORIENTED_EDGE('',*,*,#288,.F.);
#288 = EDGE_CURVE('',#289,#278,#291,.T.);
#289 = VERTEX_POINT('',#290);
#290 = CARTESIAN_POINT('',(-32.61816341429,3.683,-0.5715));
#291 = LINE('',#292,#293);
#292 = CARTESIAN_POINT('',(-32.61816341429,3.683,-0.5715));
#293 = VECTOR('',#294,1.);
#294 = DIRECTION('',(0.,-1.,-6.028905917052E-17));
#295 = ORIENTED_EDGE('',*,*,#296,.F.);
#296 = EDGE_CURVE('',#297,#289,#299,.T.);
#297 = VERTEX_POINT('',#298);
#298 = CARTESIAN_POINT('',(-32.61816341429,7.493,3.2385));
#299 = CIRCLE('',#300,3.81);
#300 = AXIS2_PLACEMENT_3D('',#301,#302,#303);
#301 = CARTESIAN_POINT('',(-32.61816341429,3.683,3.2385));
#302 = DIRECTION('',(-1.,0.,0.));
#303 = DIRECTION('',(0.,-1.110223024625E-16,1.));
#304 = ORIENTED_EDGE('',*,*,#305,.F.);
#305 = EDGE_CURVE('',#306,#297,#308,.T.);
#306 = VERTEX_POINT('',#307);
#307 = CARTESIAN_POINT('',(-32.61816341429,7.493,4.5085));
#308 = LINE('',#309,#310);
#309 = CARTESIAN_POINT('',(-32.61816341429,7.493,4.5085));
#310 = VECTOR('',#311,1.);
#311 = DIRECTION('',(0.,0.,-1.));
#312 = ORIENTED_EDGE('',*,*,#313,.F.);
#313 = EDGE_CURVE('',#314,#306,#316,.T.);
#314 = VERTEX_POINT('',#315);
#315 = CARTESIAN_POINT('',(-32.61816341429,3.683,8.3185));
#316 = CIRCLE('',#317,3.81);
#317 = AXIS2_PLACEMENT_3D('',#318,#319,#320);
#318 = CARTESIAN_POINT('',(-32.61816341429,3.683,4.5085));
#319 = DIRECTION('',(-1.,0.,0.));
#320 = DIRECTION('',(0.,-1.110223024625E-16,1.));
#321 = ORIENTED_EDGE('',*,*,#322,.F.);
#322 = EDGE_CURVE('',#323,#314,#325,.T.);
#323 = VERTEX_POINT('',#324);
#324 = CARTESIAN_POINT('',(-32.61816341429,-3.683,8.3185));
#325 = LINE('',#326,#327);
#326 = CARTESIAN_POINT('',(-32.61816341429,-3.683,8.3185));
#327 = VECTOR('',#328,1.);
#328 = DIRECTION('',(0.,1.,0.));
#329 = ORIENTED_EDGE('',*,*,#330,.F.);
#330 = EDGE_CURVE('',#331,#323,#333,.T.);
#331 = VERTEX_POINT('',#332);
#332 = CARTESIAN_POINT('',(-32.61816341429,-7.493,4.5085));
#333 = CIRCLE('',#334,3.81);
#334 = AXIS2_PLACEMENT_3D('',#335,#336,#337);
#335 = CARTESIAN_POINT('',(-32.61816341429,-3.683,4.5085));
#336 = DIRECTION('',(-1.,0.,0.));
#337 = DIRECTION('',(0.,-1.110223024625E-16,1.));
#338 = ORIENTED_EDGE('',*,*,#339,.F.);
#339 = EDGE_CURVE('',#280,#331,#340,.T.);
#340 = LINE('',#341,#342);
#341 = CARTESIAN_POINT('',(-32.61816341429,-7.493,3.2385));
#342 = VECTOR('',#343,1.);
#343 = DIRECTION('',(0.,0.,1.));
#344 = PLANE('',#345);
#345 = AXIS2_PLACEMENT_3D('',#346,#347,#348);
#346 = CARTESIAN_POINT('',(-32.61816341429,1.76E-15,11.43));
#347 = DIRECTION('',(-1.,-0.,-0.));
#348 = DIRECTION('',(0.,0.,-1.));
#349 = ADVANCED_FACE('',(#350),#368,.T.);
#350 = FACE_BOUND('',#351,.T.);
#351 = EDGE_LOOP('',(#352,#360,#366,#367));
#352 = ORIENTED_EDGE('',*,*,#353,.T.);
#353 = EDGE_CURVE('',#236,#354,#356,.T.);
#354 = VERTEX_POINT('',#355);
#355 = CARTESIAN_POINT('',(30.881836585707,43.18,-2.54));
#356 = LINE('',#357,#358);
#357 = CARTESIAN_POINT('',(30.881836585707,-50.8,-2.54));
#358 = VECTOR('',#359,1.);
#359 = DIRECTION('',(0.,1.,0.));
#360 = ORIENTED_EDGE('',*,*,#361,.F.);
#361 = EDGE_CURVE('',#41,#354,#362,.T.);
#362 = LINE('',#363,#364);
#363 = CARTESIAN_POINT('',(30.881836585707,43.18,25.4));
#364 = VECTOR('',#365,1.);
#365 = DIRECTION('',(0.,0.,-1.));
#366 = ORIENTED_EDGE('',*,*,#40,.F.);
#367 = ORIENTED_EDGE('',*,*,#235,.T.);
#368 = PLANE('',#369);
#369 = AXIS2_PLACEMENT_3D('',#370,#371,#372);
#370 = CARTESIAN_POINT('',(30.881836585707,-1.76E-15,11.43));
#371 = DIRECTION('',(1.,0.,0.));
#372 = DIRECTION('',(0.,0.,1.));
#373 = ADVANCED_FACE('',(#374),#393,.T.);
#374 = FACE_BOUND('',#375,.T.);
#375 = EDGE_LOOP('',(#376,#385,#386,#387));
#376 = ORIENTED_EDGE('',*,*,#377,.T.);
#377 = EDGE_CURVE('',#378,#260,#380,.T.);
#378 = VERTEX_POINT('',#379);
#379 = CARTESIAN_POINT('',(-24.99816341429,50.8,-2.54));
#380 = CIRCLE('',#381,7.62);
#381 = AXIS2_PLACEMENT_3D('',#382,#383,#384);
#382 = CARTESIAN_POINT('',(-24.99816341429,43.18,-2.54));
#383 = DIRECTION('',(-0.,0.,1.));
#384 = DIRECTION('',(0.,-1.,0.));
#385 = ORIENTED_EDGE('',*,*,#269,.T.);
#386 = ORIENTED_EDGE('',*,*,#65,.F.);
#387 = ORIENTED_EDGE('',*,*,#388,.F.);
#388 = EDGE_CURVE('',#378,#58,#389,.T.);
#389 = LINE('',#390,#391);
#390 = CARTESIAN_POINT('',(-24.99816341429,50.8,-2.54));
#391 = VECTOR('',#392,1.);
#392 = DIRECTION('',(0.,0.,1.));
#393 = CYLINDRICAL_SURFACE('',#394,7.62);
#394 = AXIS2_PLACEMENT_3D('',#395,#396,#397);
#395 = CARTESIAN_POINT('',(-24.99816341429,43.18,-2.54));
#396 = DIRECTION('',(0.,0.,1.));
#397 = DIRECTION('',(0.,1.,0.));
#398 = ADVANCED_FACE('',(#399),#418,.T.);
#399 = FACE_BOUND('',#400,.F.);
#400 = EDGE_LOOP('',(#401,#402,#410,#417));
#401 = ORIENTED_EDGE('',*,*,#48,.T.);
#402 = ORIENTED_EDGE('',*,*,#403,.T.);
#403 = EDGE_CURVE('',#49,#404,#406,.T.);
#404 = VERTEX_POINT('',#405);
#405 = CARTESIAN_POINT('',(23.261836585707,50.8,-2.54));
#406 = LINE('',#407,#408);
#407 = CARTESIAN_POINT('',(23.261836585707,50.8,25.4));
#408 = VECTOR('',#409,1.);
#409 = DIRECTION('',(0.,0.,-1.));
#410 = ORIENTED_EDGE('',*,*,#411,.F.);
#411 = EDGE_CURVE('',#354,#404,#412,.T.);
#412 = CIRCLE('',#413,7.62);
#413 = AXIS2_PLACEMENT_3D('',#414,#415,#416);
#414 = CARTESIAN_POINT('',(23.261836585707,43.18,-2.54));
#415 = DIRECTION('',(0.,-0.,1.));
#416 = DIRECTION('',(0.,1.,0.));
#417 = ORIENTED_EDGE('',*,*,#361,.F.);
#418 = CYLINDRICAL_SURFACE('',#419,7.62);
#419 = AXIS2_PLACEMENT_3D('',#420,#421,#422);
#420 = CARTESIAN_POINT('',(23.261836585707,43.18,25.4));
#421 = DIRECTION('',(0.,0.,-1.));
#422 = DIRECTION('',(1.,0.,0.));
#423 = ADVANCED_FACE('',(#424),#435,.T.);
#424 = FACE_BOUND('',#425,.T.);
#425 = EDGE_LOOP('',(#426,#432,#433,#434));
#426 = ORIENTED_EDGE('',*,*,#427,.T.);
#427 = EDGE_CURVE('',#404,#378,#428,.T.);
#428 = LINE('',#429,#430);
#429 = CARTESIAN_POINT('',(30.881836585707,50.8,-2.54));
#430 = VECTOR('',#431,1.);
#431 = DIRECTION('',(-1.,0.,0.));
#432 = ORIENTED_EDGE('',*,*,#388,.T.);
#433 = ORIENTED_EDGE('',*,*,#57,.F.);
#434 = ORIENTED_EDGE('',*,*,#403,.T.);
#435 = PLANE('',#436);
#436 = AXIS2_PLACEMENT_3D('',#437,#438,#439);
#437 = CARTESIAN_POINT('',(-0.868163414293,50.8,11.43));
#438 = DIRECTION('',(0.,1.,0.));
#439 = DIRECTION('',(0.,0.,1.));
#440 = ADVANCED_FACE('',(#441,#498),#509,.T.);
#441 = FACE_BOUND('',#442,.T.);
#442 = EDGE_LOOP('',(#443,#453,#461,#469,#475,#476,#484,#492));
#443 = ORIENTED_EDGE('',*,*,#444,.F.);
#444 = EDGE_CURVE('',#445,#447,#449,.T.);
#445 = VERTEX_POINT('',#446);
#446 = CARTESIAN_POINT('',(-20.2248,-48.26,0.));
#447 = VERTEX_POINT('',#448);
#448 = CARTESIAN_POINT('',(16.877439,-48.26,0.));
#449 = LINE('',#450,#451);
#450 = CARTESIAN_POINT('',(-30.07816341429,-48.26,0.));
#451 = VECTOR('',#452,1.);
#452 = DIRECTION('',(1.,0.,0.));
#453 = ORIENTED_EDGE('',*,*,#454,.T.);
#454 = EDGE_CURVE('',#445,#455,#457,.T.);
#455 = VERTEX_POINT('',#456);
#456 = CARTESIAN_POINT('',(-20.2248,-48.26,22.606));
#457 = LINE('',#458,#459);
#458 = CARTESIAN_POINT('',(-20.2248,-48.26,0.));
#459 = VECTOR('',#460,1.);
#460 = DIRECTION('',(0.,0.,1.));
#461 = ORIENTED_EDGE('',*,*,#462,.F.);
#462 = EDGE_CURVE('',#463,#455,#465,.T.);
#463 = VERTEX_POINT('',#464);
#464 = CARTESIAN_POINT('',(-24.99816341429,-48.26,22.606));
#465 = LINE('',#466,#467);
#466 = CARTESIAN_POINT('',(-24.99816341429,-48.26,22.606));
#467 = VECTOR('',#468,1.);
#468 = DIRECTION('',(1.,0.,0.));
#469 = ORIENTED_EDGE('',*,*,#470,.F.);
#470 = EDGE_CURVE('',#92,#463,#471,.T.);
#471 = LINE('',#472,#473);
#472 = CARTESIAN_POINT('',(-24.99816341429,-48.26,25.4));
#473 = VECTOR('',#474,1.);
#474 = DIRECTION('',(-0.,-0.,-1.));
#475 = ORIENTED_EDGE('',*,*,#91,.T.);
#476 = ORIENTED_EDGE('',*,*,#477,.T.);
#477 = EDGE_CURVE('',#94,#478,#480,.T.);
#478 = VERTEX_POINT('',#479);
#479 = CARTESIAN_POINT('',(23.261836585707,-48.26,22.606));
#480 = LINE('',#481,#482);
#481 = CARTESIAN_POINT('',(23.261836585707,-48.26,25.4));
#482 = VECTOR('',#483,1.);
#483 = DIRECTION('',(-0.,-0.,-1.));
#484 = ORIENTED_EDGE('',*,*,#485,.F.);
#485 = EDGE_CURVE('',#486,#478,#488,.T.);
#486 = VERTEX_POINT('',#487);
#487 = CARTESIAN_POINT('',(16.877439,-48.26,22.606));
#488 = LINE('',#489,#490);
#489 = CARTESIAN_POINT('',(-24.99816341429,-48.26,22.606));
#490 = VECTOR('',#491,1.);
#491 = DIRECTION('',(1.,0.,0.));
#492 = ORIENTED_EDGE('',*,*,#493,.F.);
#493 = EDGE_CURVE('',#447,#486,#494,.T.);
#494 = LINE('',#495,#496);
#495 = CARTESIAN_POINT('',(16.877439,-48.26,11.684));
#496 = VECTOR('',#497,1.);
#497 = DIRECTION('',(0.,0.,1.));
#498 = FACE_BOUND('',#499,.T.);
#499 = EDGE_LOOP('',(#500));
#500 = ORIENTED_EDGE('',*,*,#501,.T.);
#501 = EDGE_CURVE('',#502,#502,#504,.T.);
#502 = VERTEX_POINT('',#503);
#503 = CARTESIAN_POINT('',(11.260336585707,-48.26,6.35));
#504 = CIRCLE('',#505,3.2385);
#505 = AXIS2_PLACEMENT_3D('',#506,#507,#508);
#506 = CARTESIAN_POINT('',(8.021836585707,-48.26,6.35));
#507 = DIRECTION('',(0.,-1.,2.2E-16));
#508 = DIRECTION('',(1.,0.,0.));
#509 = PLANE('',#510);
#510 = AXIS2_PLACEMENT_3D('',#511,#512,#513);
#511 = CARTESIAN_POINT('',(-1.115373830251,-48.26,14.412139187931));
#512 = DIRECTION('',(0.,1.,0.));
#513 = DIRECTION('',(0.,0.,1.));
#514 = ADVANCED_FACE('',(#515),#534,.F.);
#515 = FACE_BOUND('',#516,.F.);
#516 = EDGE_LOOP('',(#517,#518,#527,#533));
#517 = ORIENTED_EDGE('',*,*,#477,.T.);
#518 = ORIENTED_EDGE('',*,*,#519,.T.);
#519 = EDGE_CURVE('',#478,#520,#522,.T.);
#520 = VERTEX_POINT('',#521);
#521 = CARTESIAN_POINT('',(28.341836585707,-43.18,22.606));
#522 = CIRCLE('',#523,5.08);
#523 = AXIS2_PLACEMENT_3D('',#524,#525,#526);
#524 = CARTESIAN_POINT('',(23.261836585707,-43.18,22.606));
#525 = DIRECTION('',(-0.,0.,1.));
#526 = DIRECTION('',(0.,-1.,0.));
#527 = ORIENTED_EDGE('',*,*,#528,.F.);
#528 = EDGE_CURVE('',#145,#520,#529,.T.);
#529 = LINE('',#530,#531);
#530 = CARTESIAN_POINT('',(28.341836585707,-43.18,25.4));
#531 = VECTOR('',#532,1.);
#532 = DIRECTION('',(-0.,-0.,-1.));
#533 = ORIENTED_EDGE('',*,*,#152,.F.);
#534 = CYLINDRICAL_SURFACE('',#535,5.08);
#535 = AXIS2_PLACEMENT_3D('',#536,#537,#538);
#536 = CARTESIAN_POINT('',(23.261836585707,-43.18,25.4));
#537 = DIRECTION('',(0.,0.,1.));
#538 = DIRECTION('',(0.,-1.,0.));
#539 = ADVANCED_FACE('',(#540),#622,.T.);
#540 = FACE_BOUND('',#541,.T.);
#541 = EDGE_LOOP('',(#542,#552,#560,#568,#576,#582,#583,#584,#592,#600,
    #608,#616));
#542 = ORIENTED_EDGE('',*,*,#543,.F.);
#543 = EDGE_CURVE('',#544,#546,#548,.T.);
#544 = VERTEX_POINT('',#545);
#545 = CARTESIAN_POINT('',(28.341836585707,-28.7567,0.));
#546 = VERTEX_POINT('',#547);
#547 = CARTESIAN_POINT('',(28.341836585707,28.7567,0.));
#548 = LINE('',#549,#550);
#549 = CARTESIAN_POINT('',(28.341836585707,-48.26,0.));
#550 = VECTOR('',#551,1.);
#551 = DIRECTION('',(0.,1.,0.));
#552 = ORIENTED_EDGE('',*,*,#553,.T.);
#553 = EDGE_CURVE('',#544,#554,#556,.T.);
#554 = VERTEX_POINT('',#555);
#555 = CARTESIAN_POINT('',(28.341836585707,-28.7567,11.684));
#556 = LINE('',#557,#558);
#557 = CARTESIAN_POINT('',(28.341836585707,-28.7567,0.));
#558 = VECTOR('',#559,1.);
#559 = DIRECTION('',(0.,0.,1.));
#560 = ORIENTED_EDGE('',*,*,#561,.F.);
#561 = EDGE_CURVE('',#562,#554,#564,.T.);
#562 = VERTEX_POINT('',#563);
#563 = CARTESIAN_POINT('',(28.341836585707,-38.5895,11.684));
#564 = LINE('',#565,#566);
#565 = CARTESIAN_POINT('',(28.341836585707,-24.13,11.684));
#566 = VECTOR('',#567,1.);
#567 = DIRECTION('',(0.,1.,0.));
#568 = ORIENTED_EDGE('',*,*,#569,.T.);
#569 = EDGE_CURVE('',#562,#570,#572,.T.);
#570 = VERTEX_POINT('',#571);
#571 = CARTESIAN_POINT('',(28.341836585707,-38.5895,22.606));
#572 = LINE('',#573,#574);
#573 = CARTESIAN_POINT('',(28.341836585707,-38.5895,11.684));
#574 = VECTOR('',#575,1.);
#575 = DIRECTION('',(0.,0.,1.));
#576 = ORIENTED_EDGE('',*,*,#577,.F.);
#577 = EDGE_CURVE('',#520,#570,#578,.T.);
#578 = LINE('',#579,#580);
#579 = CARTESIAN_POINT('',(28.341836585707,-43.18,22.606));
#580 = VECTOR('',#581,1.);
#581 = DIRECTION('',(0.,1.,0.));
#582 = ORIENTED_EDGE('',*,*,#528,.F.);
#583 = ORIENTED_EDGE('',*,*,#144,.T.);
#584 = ORIENTED_EDGE('',*,*,#585,.T.);
#585 = EDGE_CURVE('',#136,#586,#588,.T.);
#586 = VERTEX_POINT('',#587);
#587 = CARTESIAN_POINT('',(28.341836585707,43.18,22.606));
#588 = LINE('',#589,#590);
#589 = CARTESIAN_POINT('',(28.341836585707,43.18,25.4));
#590 = VECTOR('',#591,1.);
#591 = DIRECTION('',(-0.,-0.,-1.));
#592 = ORIENTED_EDGE('',*,*,#593,.F.);
#593 = EDGE_CURVE('',#594,#586,#596,.T.);
#594 = VERTEX_POINT('',#595);
#595 = CARTESIAN_POINT('',(28.341836585707,38.5895,22.606));
#596 = LINE('',#597,#598);
#597 = CARTESIAN_POINT('',(28.341836585707,-43.18,22.606));
#598 = VECTOR('',#599,1.);
#599 = DIRECTION('',(0.,1.,0.));
#600 = ORIENTED_EDGE('',*,*,#601,.F.);
#601 = EDGE_CURVE('',#602,#594,#604,.T.);
#602 = VERTEX_POINT('',#603);
#603 = CARTESIAN_POINT('',(28.341836585707,38.5895,11.684));
#604 = LINE('',#605,#606);
#605 = CARTESIAN_POINT('',(28.341836585707,38.5895,11.684));
#606 = VECTOR('',#607,1.);
#607 = DIRECTION('',(0.,0.,1.));
#608 = ORIENTED_EDGE('',*,*,#609,.F.);
#609 = EDGE_CURVE('',#610,#602,#612,.T.);
#610 = VERTEX_POINT('',#611);
#611 = CARTESIAN_POINT('',(28.341836585707,28.7567,11.684));
#612 = LINE('',#613,#614);
#613 = CARTESIAN_POINT('',(28.341836585707,14.37835,11.684));
#614 = VECTOR('',#615,1.);
#615 = DIRECTION('',(0.,1.,0.));
#616 = ORIENTED_EDGE('',*,*,#617,.F.);
#617 = EDGE_CURVE('',#546,#610,#618,.T.);
#618 = LINE('',#619,#620);
#619 = CARTESIAN_POINT('',(28.341836585707,28.7567,0.));
#620 = VECTOR('',#621,1.);
#621 = DIRECTION('',(0.,0.,1.));
#622 = PLANE('',#623);
#623 = AXIS2_PLACEMENT_3D('',#624,#625,#626);
#624 = CARTESIAN_POINT('',(28.341836585707,3.051722558741E-15,14.6565075
    ));
#625 = DIRECTION('',(-1.,-0.,-0.));
#626 = DIRECTION('',(0.,0.,-1.));
#627 = ADVANCED_FACE('',(#628),#647,.F.);
#628 = FACE_BOUND('',#629,.F.);
#629 = EDGE_LOOP('',(#630,#631,#640,#646));
#630 = ORIENTED_EDGE('',*,*,#585,.T.);
#631 = ORIENTED_EDGE('',*,*,#632,.T.);
#632 = EDGE_CURVE('',#586,#633,#635,.T.);
#633 = VERTEX_POINT('',#634);
#634 = CARTESIAN_POINT('',(23.261836585707,48.26,22.606));
#635 = CIRCLE('',#636,5.08);
#636 = AXIS2_PLACEMENT_3D('',#637,#638,#639);
#637 = CARTESIAN_POINT('',(23.261836585707,43.18,22.606));
#638 = DIRECTION('',(-0.,0.,1.));
#639 = DIRECTION('',(0.,-1.,0.));
#640 = ORIENTED_EDGE('',*,*,#641,.F.);
#641 = EDGE_CURVE('',#128,#633,#642,.T.);
#642 = LINE('',#643,#644);
#643 = CARTESIAN_POINT('',(23.261836585707,48.26,25.4));
#644 = VECTOR('',#645,1.);
#645 = DIRECTION('',(-0.,-0.,-1.));
#646 = ORIENTED_EDGE('',*,*,#135,.F.);
#647 = CYLINDRICAL_SURFACE('',#648,5.08);
#648 = AXIS2_PLACEMENT_3D('',#649,#650,#651);
#649 = CARTESIAN_POINT('',(23.261836585707,43.18,25.4));
#650 = DIRECTION('',(0.,0.,1.));
#651 = DIRECTION('',(0.,-1.,0.));
#652 = ADVANCED_FACE('',(#653),#703,.T.);
#653 = FACE_BOUND('',#654,.T.);
#654 = EDGE_LOOP('',(#655,#665,#673,#679,#680,#681,#689,#697));
#655 = ORIENTED_EDGE('',*,*,#656,.F.);
#656 = EDGE_CURVE('',#657,#659,#661,.T.);
#657 = VERTEX_POINT('',#658);
#658 = CARTESIAN_POINT('',(16.877439,48.26,0.));
#659 = VERTEX_POINT('',#660);
#660 = CARTESIAN_POINT('',(-20.2248,48.26,0.));
#661 = LINE('',#662,#663);
#662 = CARTESIAN_POINT('',(28.341836585707,48.26,0.));
#663 = VECTOR('',#664,1.);
#664 = DIRECTION('',(-1.,0.,0.));
#665 = ORIENTED_EDGE('',*,*,#666,.T.);
#666 = EDGE_CURVE('',#657,#667,#669,.T.);
#667 = VERTEX_POINT('',#668);
#668 = CARTESIAN_POINT('',(16.877439,48.26,22.606));
#669 = LINE('',#670,#671);
#670 = CARTESIAN_POINT('',(16.877439,48.26,0.));
#671 = VECTOR('',#672,1.);
#672 = DIRECTION('',(0.,0.,1.));
#673 = ORIENTED_EDGE('',*,*,#674,.F.);
#674 = EDGE_CURVE('',#633,#667,#675,.T.);
#675 = LINE('',#676,#677);
#676 = CARTESIAN_POINT('',(23.261836585707,48.26,22.606));
#677 = VECTOR('',#678,1.);
#678 = DIRECTION('',(-1.,0.,0.));
#679 = ORIENTED_EDGE('',*,*,#641,.F.);
#680 = ORIENTED_EDGE('',*,*,#127,.T.);
#681 = ORIENTED_EDGE('',*,*,#682,.T.);
#682 = EDGE_CURVE('',#119,#683,#685,.T.);
#683 = VERTEX_POINT('',#684);
#684 = CARTESIAN_POINT('',(-24.99816341429,48.26,22.606));
#685 = LINE('',#686,#687);
#686 = CARTESIAN_POINT('',(-24.99816341429,48.26,25.4));
#687 = VECTOR('',#688,1.);
#688 = DIRECTION('',(-0.,-0.,-1.));
#689 = ORIENTED_EDGE('',*,*,#690,.F.);
#690 = EDGE_CURVE('',#691,#683,#693,.T.);
#691 = VERTEX_POINT('',#692);
#692 = CARTESIAN_POINT('',(-20.2248,48.26,22.606));
#693 = LINE('',#694,#695);
#694 = CARTESIAN_POINT('',(23.261836585707,48.26,22.606));
#695 = VECTOR('',#696,1.);
#696 = DIRECTION('',(-1.,0.,0.));
#697 = ORIENTED_EDGE('',*,*,#698,.F.);
#698 = EDGE_CURVE('',#659,#691,#699,.T.);
#699 = LINE('',#700,#701);
#700 = CARTESIAN_POINT('',(-20.2248,48.26,11.684));
#701 = VECTOR('',#702,1.);
#702 = DIRECTION('',(0.,0.,1.));
#703 = PLANE('',#704);
#704 = AXIS2_PLACEMENT_3D('',#705,#706,#707);
#705 = CARTESIAN_POINT('',(-1.115373830251,48.26,14.412139187931));
#706 = DIRECTION('',(-0.,-1.,-0.));
#707 = DIRECTION('',(0.,0.,-1.));
#708 = ADVANCED_FACE('',(#709),#728,.F.);
#709 = FACE_BOUND('',#710,.F.);
#710 = EDGE_LOOP('',(#711,#712,#721,#727));
#711 = ORIENTED_EDGE('',*,*,#682,.T.);
#712 = ORIENTED_EDGE('',*,*,#713,.T.);
#713 = EDGE_CURVE('',#683,#714,#716,.T.);
#714 = VERTEX_POINT('',#715);
#715 = CARTESIAN_POINT('',(-30.07816341429,43.18,22.606));
#716 = CIRCLE('',#717,5.08);
#717 = AXIS2_PLACEMENT_3D('',#718,#719,#720);
#718 = CARTESIAN_POINT('',(-24.99816341429,43.18,22.606));
#719 = DIRECTION('',(-0.,0.,1.));
#720 = DIRECTION('',(0.,-1.,0.));
#721 = ORIENTED_EDGE('',*,*,#722,.F.);
#722 = EDGE_CURVE('',#111,#714,#723,.T.);
#723 = LINE('',#724,#725);
#724 = CARTESIAN_POINT('',(-30.07816341429,43.18,25.4));
#725 = VECTOR('',#726,1.);
#726 = DIRECTION('',(-0.,-0.,-1.));
#727 = ORIENTED_EDGE('',*,*,#118,.F.);
#728 = CYLINDRICAL_SURFACE('',#729,5.08);
#729 = AXIS2_PLACEMENT_3D('',#730,#731,#732);
#730 = CARTESIAN_POINT('',(-24.99816341429,43.18,25.4));
#731 = DIRECTION('',(0.,0.,1.));
#732 = DIRECTION('',(0.,-1.,0.));
#733 = ADVANCED_FACE('',(#734,#816),#886,.T.);
#734 = FACE_BOUND('',#735,.T.);
#735 = EDGE_LOOP('',(#736,#746,#754,#762,#770,#776,#777,#778,#786,#794,
    #802,#810));
#736 = ORIENTED_EDGE('',*,*,#737,.F.);
#737 = EDGE_CURVE('',#738,#740,#742,.T.);
#738 = VERTEX_POINT('',#739);
#739 = CARTESIAN_POINT('',(-30.07816341429,28.7567,0.));
#740 = VERTEX_POINT('',#741);
#741 = CARTESIAN_POINT('',(-30.07816341429,-28.7567,0.));
#742 = LINE('',#743,#744);
#743 = CARTESIAN_POINT('',(-30.07816341429,48.26,0.));
#744 = VECTOR('',#745,1.);
#745 = DIRECTION('',(0.,-1.,0.));
#746 = ORIENTED_EDGE('',*,*,#747,.T.);
#747 = EDGE_CURVE('',#738,#748,#750,.T.);
#748 = VERTEX_POINT('',#749);
#749 = CARTESIAN_POINT('',(-30.07816341429,28.7567,11.684));
#750 = LINE('',#751,#752);
#751 = CARTESIAN_POINT('',(-30.07816341429,28.7567,0.));
#752 = VECTOR('',#753,1.);
#753 = DIRECTION('',(0.,0.,1.));
#754 = ORIENTED_EDGE('',*,*,#755,.F.);
#755 = EDGE_CURVE('',#756,#748,#758,.T.);
#756 = VERTEX_POINT('',#757);
#757 = CARTESIAN_POINT('',(-30.07816341429,38.5895,11.684));
#758 = LINE('',#759,#760);
#759 = CARTESIAN_POINT('',(-30.07816341429,24.13,11.684));
#760 = VECTOR('',#761,1.);
#761 = DIRECTION('',(0.,-1.,0.));
#762 = ORIENTED_EDGE('',*,*,#763,.T.);
#763 = EDGE_CURVE('',#756,#764,#766,.T.);
#764 = VERTEX_POINT('',#765);
#765 = CARTESIAN_POINT('',(-30.07816341429,38.5895,22.606));
#766 = LINE('',#767,#768);
#767 = CARTESIAN_POINT('',(-30.07816341429,38.5895,11.684));
#768 = VECTOR('',#769,1.);
#769 = DIRECTION('',(0.,0.,1.));
#770 = ORIENTED_EDGE('',*,*,#771,.F.);
#771 = EDGE_CURVE('',#714,#764,#772,.T.);
#772 = LINE('',#773,#774);
#773 = CARTESIAN_POINT('',(-30.07816341429,43.18,22.606));
#774 = VECTOR('',#775,1.);
#775 = DIRECTION('',(0.,-1.,0.));
#776 = ORIENTED_EDGE('',*,*,#722,.F.);
#777 = ORIENTED_EDGE('',*,*,#110,.T.);
#778 = ORIENTED_EDGE('',*,*,#779,.T.);
#779 = EDGE_CURVE('',#102,#780,#782,.T.);
#780 = VERTEX_POINT('',#781);
#781 = CARTESIAN_POINT('',(-30.07816341429,-43.18,22.606));
#782 = LINE('',#783,#784);
#783 = CARTESIAN_POINT('',(-30.07816341429,-43.18,25.4));
#784 = VECTOR('',#785,1.);
#785 = DIRECTION('',(-0.,-0.,-1.));
#786 = ORIENTED_EDGE('',*,*,#787,.F.);
#787 = EDGE_CURVE('',#788,#780,#790,.T.);
#788 = VERTEX_POINT('',#789);
#789 = CARTESIAN_POINT('',(-30.07816341429,-38.5895,22.606));
#790 = LINE('',#791,#792);
#791 = CARTESIAN_POINT('',(-30.07816341429,43.18,22.606));
#792 = VECTOR('',#793,1.);
#793 = DIRECTION('',(0.,-1.,0.));
#794 = ORIENTED_EDGE('',*,*,#795,.F.);
#795 = EDGE_CURVE('',#796,#788,#798,.T.);
#796 = VERTEX_POINT('',#797);
#797 = CARTESIAN_POINT('',(-30.07816341429,-38.5895,11.684));
#798 = LINE('',#799,#800);
#799 = CARTESIAN_POINT('',(-30.07816341429,-38.5895,11.684));
#800 = VECTOR('',#801,1.);
#801 = DIRECTION('',(0.,0.,1.));
#802 = ORIENTED_EDGE('',*,*,#803,.F.);
#803 = EDGE_CURVE('',#804,#796,#806,.T.);
#804 = VERTEX_POINT('',#805);
#805 = CARTESIAN_POINT('',(-30.07816341429,-28.7567,11.684));
#806 = LINE('',#807,#808);
#807 = CARTESIAN_POINT('',(-30.07816341429,-14.37835,11.684));
#808 = VECTOR('',#809,1.);
#809 = DIRECTION('',(0.,-1.,0.));
#810 = ORIENTED_EDGE('',*,*,#811,.F.);
#811 = EDGE_CURVE('',#740,#804,#812,.T.);
#812 = LINE('',#813,#814);
#813 = CARTESIAN_POINT('',(-30.07816341429,-28.7567,0.));
#814 = VECTOR('',#815,1.);
#815 = DIRECTION('',(0.,0.,1.));
#816 = FACE_BOUND('',#817,.T.);
#817 = EDGE_LOOP('',(#818,#828,#837,#845,#854,#862,#871,#879));
#818 = ORIENTED_EDGE('',*,*,#819,.T.);
#819 = EDGE_CURVE('',#820,#822,#824,.T.);
#820 = VERTEX_POINT('',#821);
#821 = CARTESIAN_POINT('',(-30.07816341429,-3.683,7.0485));
#822 = VERTEX_POINT('',#823);
#823 = CARTESIAN_POINT('',(-30.07816341429,3.683,7.0485));
#824 = LINE('',#825,#826);
#825 = CARTESIAN_POINT('',(-30.07816341429,21.0185,7.0485));
#826 = VECTOR('',#827,1.);
#827 = DIRECTION('',(0.,1.,0.));
#828 = ORIENTED_EDGE('',*,*,#829,.F.);
#829 = EDGE_CURVE('',#830,#822,#832,.T.);
#830 = VERTEX_POINT('',#831);
#831 = CARTESIAN_POINT('',(-30.07816341429,6.223,4.5085));
#832 = CIRCLE('',#833,2.54);
#833 = AXIS2_PLACEMENT_3D('',#834,#835,#836);
#834 = CARTESIAN_POINT('',(-30.07816341429,3.683,4.5085));
#835 = DIRECTION('',(1.,0.,-0.));
#836 = DIRECTION('',(0.,0.,1.));
#837 = ORIENTED_EDGE('',*,*,#838,.T.);
#838 = EDGE_CURVE('',#830,#839,#841,.T.);
#839 = VERTEX_POINT('',#840);
#840 = CARTESIAN_POINT('',(-30.07816341429,6.223,3.2385));
#841 = LINE('',#842,#843);
#842 = CARTESIAN_POINT('',(-30.07816341429,6.223,3.52425));
#843 = VECTOR('',#844,1.);
#844 = DIRECTION('',(0.,0.,-1.));
#845 = ORIENTED_EDGE('',*,*,#846,.T.);
#846 = EDGE_CURVE('',#839,#847,#849,.T.);
#847 = VERTEX_POINT('',#848);
#848 = CARTESIAN_POINT('',(-30.07816341429,3.683,0.6985));
#849 = CIRCLE('',#850,2.54);
#850 = AXIS2_PLACEMENT_3D('',#851,#852,#853);
#851 = CARTESIAN_POINT('',(-30.07816341429,3.683,3.2385));
#852 = DIRECTION('',(-1.,0.,0.));
#853 = DIRECTION('',(0.,0.,1.));
#854 = ORIENTED_EDGE('',*,*,#855,.T.);
#855 = EDGE_CURVE('',#847,#856,#858,.T.);
#856 = VERTEX_POINT('',#857);
#857 = CARTESIAN_POINT('',(-30.07816341429,-3.683,0.6985));
#858 = LINE('',#859,#860);
#859 = CARTESIAN_POINT('',(-30.07816341429,27.2415,0.6985));
#860 = VECTOR('',#861,1.);
#861 = DIRECTION('',(0.,-1.,0.));
#862 = ORIENTED_EDGE('',*,*,#863,.T.);
#863 = EDGE_CURVE('',#856,#864,#866,.T.);
#864 = VERTEX_POINT('',#865);
#865 = CARTESIAN_POINT('',(-30.07816341429,-6.223,3.2385));
#866 = CIRCLE('',#867,2.54);
#867 = AXIS2_PLACEMENT_3D('',#868,#869,#870);
#868 = CARTESIAN_POINT('',(-30.07816341429,-3.683,3.2385));
#869 = DIRECTION('',(-1.,0.,0.));
#870 = DIRECTION('',(0.,0.,1.));
#871 = ORIENTED_EDGE('',*,*,#872,.T.);
#872 = EDGE_CURVE('',#864,#873,#875,.T.);
#873 = VERTEX_POINT('',#874);
#874 = CARTESIAN_POINT('',(-30.07816341429,-6.223,4.5085));
#875 = LINE('',#876,#877);
#876 = CARTESIAN_POINT('',(-30.07816341429,-6.223,0.34925));
#877 = VECTOR('',#878,1.);
#878 = DIRECTION('',(0.,0.,1.));
#879 = ORIENTED_EDGE('',*,*,#880,.T.);
#880 = EDGE_CURVE('',#873,#820,#881,.T.);
#881 = CIRCLE('',#882,2.54);
#882 = AXIS2_PLACEMENT_3D('',#883,#884,#885);
#883 = CARTESIAN_POINT('',(-30.07816341429,-3.683,4.5085));
#884 = DIRECTION('',(-1.,0.,0.));
#885 = DIRECTION('',(0.,0.,1.));
#886 = PLANE('',#887);
#887 = AXIS2_PLACEMENT_3D('',#888,#889,#890);
#888 = CARTESIAN_POINT('',(-30.07816341429,5.086204264568E-15,14.6565075
    ));
#889 = DIRECTION('',(1.,0.,0.));
#890 = DIRECTION('',(0.,0.,1.));
#891 = ADVANCED_FACE('',(#892),#904,.F.);
#892 = FACE_BOUND('',#893,.T.);
#893 = EDGE_LOOP('',(#894,#895,#902,#903));
#894 = ORIENTED_EDGE('',*,*,#470,.T.);
#895 = ORIENTED_EDGE('',*,*,#896,.T.);
#896 = EDGE_CURVE('',#463,#780,#897,.T.);
#897 = CIRCLE('',#898,5.08);
#898 = AXIS2_PLACEMENT_3D('',#899,#900,#901);
#899 = CARTESIAN_POINT('',(-24.99816341429,-43.18,22.606));
#900 = DIRECTION('',(-0.,-0.,-1.));
#901 = DIRECTION('',(0.,-1.,0.));
#902 = ORIENTED_EDGE('',*,*,#779,.F.);
#903 = ORIENTED_EDGE('',*,*,#101,.F.);
#904 = CYLINDRICAL_SURFACE('',#905,5.08);
#905 = AXIS2_PLACEMENT_3D('',#906,#907,#908);
#906 = CARTESIAN_POINT('',(-24.99816341429,-43.18,25.4));
#907 = DIRECTION('',(0.,0.,1.));
#908 = DIRECTION('',(0.,-1.,0.));
#909 = ADVANCED_FACE('',(#910,#944),#954,.F.);
#910 = FACE_BOUND('',#911,.F.);
#911 = EDGE_LOOP('',(#912,#922,#930,#938));
#912 = ORIENTED_EDGE('',*,*,#913,.T.);
#913 = EDGE_CURVE('',#914,#916,#918,.T.);
#914 = VERTEX_POINT('',#915);
#915 = CARTESIAN_POINT('',(17.166900609446,9.707531088307,-2.54));
#916 = VERTEX_POINT('',#917);
#917 = CARTESIAN_POINT('',(17.166900609446,-12.00946891169,-2.54));
#918 = LINE('',#919,#920);
#919 = CARTESIAN_POINT('',(17.166900609446,7.675531088307,-2.54));
#920 = VECTOR('',#921,1.);
#921 = DIRECTION('',(0.,-1.,0.));
#922 = ORIENTED_EDGE('',*,*,#923,.T.);
#923 = EDGE_CURVE('',#916,#924,#926,.T.);
#924 = VERTEX_POINT('',#925);
#925 = CARTESIAN_POINT('',(-13.94809939055,-12.00946891169,-2.54));
#926 = LINE('',#927,#928);
#927 = CARTESIAN_POINT('',(15.134900609446,-12.00946891169,-2.54));
#928 = VECTOR('',#929,1.);
#929 = DIRECTION('',(-1.,0.,0.));
#930 = ORIENTED_EDGE('',*,*,#931,.T.);
#931 = EDGE_CURVE('',#924,#932,#934,.T.);
#932 = VERTEX_POINT('',#933);
#933 = CARTESIAN_POINT('',(-13.94809939055,9.707531088307,-2.54));
#934 = LINE('',#935,#936);
#935 = CARTESIAN_POINT('',(-13.94809939055,-9.977468911693,-2.54));
#936 = VECTOR('',#937,1.);
#937 = DIRECTION('',(0.,1.,0.));
#938 = ORIENTED_EDGE('',*,*,#939,.T.);
#939 = EDGE_CURVE('',#932,#914,#940,.T.);
#940 = LINE('',#941,#942);
#941 = CARTESIAN_POINT('',(-11.91609939055,9.707531088307,-2.54));
#942 = VECTOR('',#943,1.);
#943 = DIRECTION('',(1.,0.,0.));
#944 = FACE_BOUND('',#945,.F.);
#945 = EDGE_LOOP('',(#946,#947,#948,#949,#950,#951,#952,#953));
#946 = ORIENTED_EDGE('',*,*,#167,.T.);
#947 = ORIENTED_EDGE('',*,*,#243,.T.);
#948 = ORIENTED_EDGE('',*,*,#353,.T.);
#949 = ORIENTED_EDGE('',*,*,#411,.T.);
#950 = ORIENTED_EDGE('',*,*,#427,.T.);
#951 = ORIENTED_EDGE('',*,*,#377,.T.);
#952 = ORIENTED_EDGE('',*,*,#259,.T.);
#953 = ORIENTED_EDGE('',*,*,#209,.F.);
#954 = PLANE('',#955);
#955 = AXIS2_PLACEMENT_3D('',#956,#957,#958);
#956 = CARTESIAN_POINT('',(-0.868163414293,0.,-2.54));
#957 = DIRECTION('',(0.,0.,1.));
#958 = DIRECTION('',(1.,0.,0.));
#959 = ADVANCED_FACE('',(#960),#971,.F.);
#960 = FACE_BOUND('',#961,.F.);
#961 = EDGE_LOOP('',(#962,#968,#969,#970));
#962 = ORIENTED_EDGE('',*,*,#963,.F.);
#963 = EDGE_CURVE('',#193,#502,#964,.T.);
#964 = LINE('',#965,#966);
#965 = CARTESIAN_POINT('',(11.260336585707,-50.8,6.35));
#966 = VECTOR('',#967,1.);
#967 = DIRECTION('',(0.,1.,-2.2E-16));
#968 = ORIENTED_EDGE('',*,*,#192,.F.);
#969 = ORIENTED_EDGE('',*,*,#963,.T.);
#970 = ORIENTED_EDGE('',*,*,#501,.T.);
#971 = CYLINDRICAL_SURFACE('',#972,3.2385);
#972 = AXIS2_PLACEMENT_3D('',#973,#974,#975);
#973 = CARTESIAN_POINT('',(8.021836585707,-50.8,6.35));
#974 = DIRECTION('',(0.,-1.,2.2E-16));
#975 = DIRECTION('',(1.,0.,0.));
#976 = ADVANCED_FACE('',(#977),#1003,.F.);
#977 = FACE_BOUND('',#978,.F.);
#978 = EDGE_LOOP('',(#979,#987,#996,#1002));
#979 = ORIENTED_EDGE('',*,*,#980,.T.);
#980 = EDGE_CURVE('',#278,#981,#983,.T.);
#981 = VERTEX_POINT('',#982);
#982 = CARTESIAN_POINT('',(-31.34816341429,-3.683,-0.5715));
#983 = LINE('',#984,#985);
#984 = CARTESIAN_POINT('',(-32.61816341429,-3.683,-0.5715));
#985 = VECTOR('',#986,1.);
#986 = DIRECTION('',(1.,0.,0.));
#987 = ORIENTED_EDGE('',*,*,#988,.T.);
#988 = EDGE_CURVE('',#981,#989,#991,.T.);
#989 = VERTEX_POINT('',#990);
#990 = CARTESIAN_POINT('',(-31.34816341429,-7.493,3.2385));
#991 = CIRCLE('',#992,3.81);
#992 = AXIS2_PLACEMENT_3D('',#993,#994,#995);
#993 = CARTESIAN_POINT('',(-31.34816341429,-3.683,3.2385));
#994 = DIRECTION('',(-1.,0.,0.));
#995 = DIRECTION('',(0.,-1.110223024625E-16,1.));
#996 = ORIENTED_EDGE('',*,*,#997,.F.);
#997 = EDGE_CURVE('',#280,#989,#998,.T.);
#998 = LINE('',#999,#1000);
#999 = CARTESIAN_POINT('',(-32.61816341429,-7.493,3.2385));
#1000 = VECTOR('',#1001,1.);
#1001 = DIRECTION('',(1.,0.,0.));
#1002 = ORIENTED_EDGE('',*,*,#277,.F.);
#1003 = CYLINDRICAL_SURFACE('',#1004,3.81);
#1004 = AXIS2_PLACEMENT_3D('',#1005,#1006,#1007);
#1005 = CARTESIAN_POINT('',(-32.61816341429,-3.683,3.2385));
#1006 = DIRECTION('',(-1.,0.,0.));
#1007 = DIRECTION('',(0.,-1.110223024625E-16,1.));
#1008 = ADVANCED_FACE('',(#1009),#1027,.F.);
#1009 = FACE_BOUND('',#1010,.F.);
#1010 = EDGE_LOOP('',(#1011,#1012,#1020,#1026));
#1011 = ORIENTED_EDGE('',*,*,#997,.T.);
#1012 = ORIENTED_EDGE('',*,*,#1013,.T.);
#1013 = EDGE_CURVE('',#989,#1014,#1016,.T.);
#1014 = VERTEX_POINT('',#1015);
#1015 = CARTESIAN_POINT('',(-31.34816341429,-7.493,4.5085));
#1016 = LINE('',#1017,#1018);
#1017 = CARTESIAN_POINT('',(-31.34816341429,-7.493,3.2385));
#1018 = VECTOR('',#1019,1.);
#1019 = DIRECTION('',(0.,0.,1.));
#1020 = ORIENTED_EDGE('',*,*,#1021,.F.);
#1021 = EDGE_CURVE('',#331,#1014,#1022,.T.);
#1022 = LINE('',#1023,#1024);
#1023 = CARTESIAN_POINT('',(-32.61816341429,-7.493,4.5085));
#1024 = VECTOR('',#1025,1.);
#1025 = DIRECTION('',(1.,0.,0.));
#1026 = ORIENTED_EDGE('',*,*,#339,.F.);
#1027 = PLANE('',#1028);
#1028 = AXIS2_PLACEMENT_3D('',#1029,#1030,#1031);
#1029 = CARTESIAN_POINT('',(-32.61816341429,-7.493,3.2385));
#1030 = DIRECTION('',(0.,-1.,0.));
#1031 = DIRECTION('',(0.,0.,1.));
#1032 = ADVANCED_FACE('',(#1033),#1052,.F.);
#1033 = FACE_BOUND('',#1034,.F.);
#1034 = EDGE_LOOP('',(#1035,#1036,#1045,#1051));
#1035 = ORIENTED_EDGE('',*,*,#1021,.T.);
#1036 = ORIENTED_EDGE('',*,*,#1037,.T.);
#1037 = EDGE_CURVE('',#1014,#1038,#1040,.T.);
#1038 = VERTEX_POINT('',#1039);
#1039 = CARTESIAN_POINT('',(-31.34816341429,-3.683,8.3185));
#1040 = CIRCLE('',#1041,3.81);
#1041 = AXIS2_PLACEMENT_3D('',#1042,#1043,#1044);
#1042 = CARTESIAN_POINT('',(-31.34816341429,-3.683,4.5085));
#1043 = DIRECTION('',(-1.,0.,0.));
#1044 = DIRECTION('',(0.,-1.110223024625E-16,1.));
#1045 = ORIENTED_EDGE('',*,*,#1046,.F.);
#1046 = EDGE_CURVE('',#323,#1038,#1047,.T.);
#1047 = LINE('',#1048,#1049);
#1048 = CARTESIAN_POINT('',(-32.61816341429,-3.683,8.3185));
#1049 = VECTOR('',#1050,1.);
#1050 = DIRECTION('',(1.,0.,0.));
#1051 = ORIENTED_EDGE('',*,*,#330,.F.);
#1052 = CYLINDRICAL_SURFACE('',#1053,3.81);
#1053 = AXIS2_PLACEMENT_3D('',#1054,#1055,#1056);
#1054 = CARTESIAN_POINT('',(-32.61816341429,-3.683,4.5085));
#1055 = DIRECTION('',(-1.,0.,0.));
#1056 = DIRECTION('',(0.,-1.110223024625E-16,1.));
#1057 = ADVANCED_FACE('',(#1058),#1076,.F.);
#1058 = FACE_BOUND('',#1059,.F.);
#1059 = EDGE_LOOP('',(#1060,#1061,#1069,#1075));
#1060 = ORIENTED_EDGE('',*,*,#1046,.T.);
#1061 = ORIENTED_EDGE('',*,*,#1062,.T.);
#1062 = EDGE_CURVE('',#1038,#1063,#1065,.T.);
#1063 = VERTEX_POINT('',#1064);
#1064 = CARTESIAN_POINT('',(-31.34816341429,3.683,8.3185));
#1065 = LINE('',#1066,#1067);
#1066 = CARTESIAN_POINT('',(-31.34816341429,-3.683,8.3185));
#1067 = VECTOR('',#1068,1.);
#1068 = DIRECTION('',(0.,1.,0.));
#1069 = ORIENTED_EDGE('',*,*,#1070,.F.);
#1070 = EDGE_CURVE('',#314,#1063,#1071,.T.);
#1071 = LINE('',#1072,#1073);
#1072 = CARTESIAN_POINT('',(-32.61816341429,3.683,8.3185));
#1073 = VECTOR('',#1074,1.);
#1074 = DIRECTION('',(1.,0.,0.));
#1075 = ORIENTED_EDGE('',*,*,#322,.F.);
#1076 = PLANE('',#1077);
#1077 = AXIS2_PLACEMENT_3D('',#1078,#1079,#1080);
#1078 = CARTESIAN_POINT('',(-32.61816341429,-3.683,8.3185));
#1079 = DIRECTION('',(0.,0.,1.));
#1080 = DIRECTION('',(0.,1.,0.));
#1081 = ADVANCED_FACE('',(#1082),#1101,.F.);
#1082 = FACE_BOUND('',#1083,.F.);
#1083 = EDGE_LOOP('',(#1084,#1085,#1094,#1100));
#1084 = ORIENTED_EDGE('',*,*,#1070,.T.);
#1085 = ORIENTED_EDGE('',*,*,#1086,.T.);
#1086 = EDGE_CURVE('',#1063,#1087,#1089,.T.);
#1087 = VERTEX_POINT('',#1088);
#1088 = CARTESIAN_POINT('',(-31.34816341429,7.493,4.5085));
#1089 = CIRCLE('',#1090,3.81);
#1090 = AXIS2_PLACEMENT_3D('',#1091,#1092,#1093);
#1091 = CARTESIAN_POINT('',(-31.34816341429,3.683,4.5085));
#1092 = DIRECTION('',(-1.,0.,0.));
#1093 = DIRECTION('',(0.,-1.110223024625E-16,1.));
#1094 = ORIENTED_EDGE('',*,*,#1095,.F.);
#1095 = EDGE_CURVE('',#306,#1087,#1096,.T.);
#1096 = LINE('',#1097,#1098);
#1097 = CARTESIAN_POINT('',(-32.61816341429,7.493,4.5085));
#1098 = VECTOR('',#1099,1.);
#1099 = DIRECTION('',(1.,0.,0.));
#1100 = ORIENTED_EDGE('',*,*,#313,.F.);
#1101 = CYLINDRICAL_SURFACE('',#1102,3.81);
#1102 = AXIS2_PLACEMENT_3D('',#1103,#1104,#1105);
#1103 = CARTESIAN_POINT('',(-32.61816341429,3.683,4.5085));
#1104 = DIRECTION('',(-1.,0.,0.));
#1105 = DIRECTION('',(0.,-1.110223024625E-16,1.));
#1106 = ADVANCED_FACE('',(#1107),#1125,.F.);
#1107 = FACE_BOUND('',#1108,.F.);
#1108 = EDGE_LOOP('',(#1109,#1110,#1118,#1124));
#1109 = ORIENTED_EDGE('',*,*,#1095,.T.);
#1110 = ORIENTED_EDGE('',*,*,#1111,.T.);
#1111 = EDGE_CURVE('',#1087,#1112,#1114,.T.);
#1112 = VERTEX_POINT('',#1113);
#1113 = CARTESIAN_POINT('',(-31.34816341429,7.493,3.2385));
#1114 = LINE('',#1115,#1116);
#1115 = CARTESIAN_POINT('',(-31.34816341429,7.493,4.5085));
#1116 = VECTOR('',#1117,1.);
#1117 = DIRECTION('',(0.,0.,-1.));
#1118 = ORIENTED_EDGE('',*,*,#1119,.F.);
#1119 = EDGE_CURVE('',#297,#1112,#1120,.T.);
#1120 = LINE('',#1121,#1122);
#1121 = CARTESIAN_POINT('',(-32.61816341429,7.493,3.2385));
#1122 = VECTOR('',#1123,1.);
#1123 = DIRECTION('',(1.,0.,0.));
#1124 = ORIENTED_EDGE('',*,*,#305,.F.);
#1125 = PLANE('',#1126);
#1126 = AXIS2_PLACEMENT_3D('',#1127,#1128,#1129);
#1127 = CARTESIAN_POINT('',(-32.61816341429,7.493,4.5085));
#1128 = DIRECTION('',(0.,1.,0.));
#1129 = DIRECTION('',(0.,0.,-1.));
#1130 = ADVANCED_FACE('',(#1131),#1150,.F.);
#1131 = FACE_BOUND('',#1132,.F.);
#1132 = EDGE_LOOP('',(#1133,#1134,#1143,#1149));
#1133 = ORIENTED_EDGE('',*,*,#1119,.T.);
#1134 = ORIENTED_EDGE('',*,*,#1135,.T.);
#1135 = EDGE_CURVE('',#1112,#1136,#1138,.T.);
#1136 = VERTEX_POINT('',#1137);
#1137 = CARTESIAN_POINT('',(-31.34816341429,3.683,-0.5715));
#1138 = CIRCLE('',#1139,3.81);
#1139 = AXIS2_PLACEMENT_3D('',#1140,#1141,#1142);
#1140 = CARTESIAN_POINT('',(-31.34816341429,3.683,3.2385));
#1141 = DIRECTION('',(-1.,0.,0.));
#1142 = DIRECTION('',(0.,-1.110223024625E-16,1.));
#1143 = ORIENTED_EDGE('',*,*,#1144,.F.);
#1144 = EDGE_CURVE('',#289,#1136,#1145,.T.);
#1145 = LINE('',#1146,#1147);
#1146 = CARTESIAN_POINT('',(-32.61816341429,3.683,-0.5715));
#1147 = VECTOR('',#1148,1.);
#1148 = DIRECTION('',(1.,0.,0.));
#1149 = ORIENTED_EDGE('',*,*,#296,.F.);
#1150 = CYLINDRICAL_SURFACE('',#1151,3.81);
#1151 = AXIS2_PLACEMENT_3D('',#1152,#1153,#1154);
#1152 = CARTESIAN_POINT('',(-32.61816341429,3.683,3.2385));
#1153 = DIRECTION('',(-1.,0.,0.));
#1154 = DIRECTION('',(0.,-1.110223024625E-16,1.));
#1155 = ADVANCED_FACE('',(#1156),#1167,.F.);
#1156 = FACE_BOUND('',#1157,.F.);
#1157 = EDGE_LOOP('',(#1158,#1159,#1165,#1166));
#1158 = ORIENTED_EDGE('',*,*,#1144,.T.);
#1159 = ORIENTED_EDGE('',*,*,#1160,.T.);
#1160 = EDGE_CURVE('',#1136,#981,#1161,.T.);
#1161 = LINE('',#1162,#1163);
#1162 = CARTESIAN_POINT('',(-31.34816341429,3.683,-0.5715));
#1163 = VECTOR('',#1164,1.);
#1164 = DIRECTION('',(0.,-1.,-6.028905917052E-17));
#1165 = ORIENTED_EDGE('',*,*,#980,.F.);
#1166 = ORIENTED_EDGE('',*,*,#288,.F.);
#1167 = PLANE('',#1168);
#1168 = AXIS2_PLACEMENT_3D('',#1169,#1170,#1171);
#1169 = CARTESIAN_POINT('',(-32.61816341429,3.683,-0.5715));
#1170 = DIRECTION('',(0.,6.028905917052E-17,-1.));
#1171 = DIRECTION('',(0.,-1.,-6.028905917052E-17));
#1172 = ADVANCED_FACE('',(#1173,#1235),#1269,.T.);
#1173 = FACE_BOUND('',#1174,.T.);
#1174 = EDGE_LOOP('',(#1175,#1183,#1184,#1192,#1198,#1199,#1207,#1213,
    #1214,#1222,#1228,#1229));
#1175 = ORIENTED_EDGE('',*,*,#1176,.F.);
#1176 = EDGE_CURVE('',#738,#1177,#1179,.T.);
#1177 = VERTEX_POINT('',#1178);
#1178 = CARTESIAN_POINT('',(-20.2248,28.7567,0.));
#1179 = LINE('',#1180,#1181);
#1180 = CARTESIAN_POINT('',(-30.07816341429,28.7567,0.));
#1181 = VECTOR('',#1182,1.);
#1182 = DIRECTION('',(1.,0.,0.));
#1183 = ORIENTED_EDGE('',*,*,#737,.T.);
#1184 = ORIENTED_EDGE('',*,*,#1185,.F.);
#1185 = EDGE_CURVE('',#1186,#740,#1188,.T.);
#1186 = VERTEX_POINT('',#1187);
#1187 = CARTESIAN_POINT('',(-20.2248,-28.7567,0.));
#1188 = LINE('',#1189,#1190);
#1189 = CARTESIAN_POINT('',(-20.2248,-28.7567,0.));
#1190 = VECTOR('',#1191,1.);
#1191 = DIRECTION('',(-1.,0.,0.));
#1192 = ORIENTED_EDGE('',*,*,#1193,.F.);
#1193 = EDGE_CURVE('',#445,#1186,#1194,.T.);
#1194 = LINE('',#1195,#1196);
#1195 = CARTESIAN_POINT('',(-20.2248,-48.26,0.));
#1196 = VECTOR('',#1197,1.);
#1197 = DIRECTION('',(0.,1.,0.));
#1198 = ORIENTED_EDGE('',*,*,#444,.T.);
#1199 = ORIENTED_EDGE('',*,*,#1200,.F.);
#1200 = EDGE_CURVE('',#1201,#447,#1203,.T.);
#1201 = VERTEX_POINT('',#1202);
#1202 = CARTESIAN_POINT('',(16.877439,-28.7567,0.));
#1203 = LINE('',#1204,#1205);
#1204 = CARTESIAN_POINT('',(16.877439,-28.7567,0.));
#1205 = VECTOR('',#1206,1.);
#1206 = DIRECTION('',(0.,-1.,0.));
#1207 = ORIENTED_EDGE('',*,*,#1208,.F.);
#1208 = EDGE_CURVE('',#544,#1201,#1209,.T.);
#1209 = LINE('',#1210,#1211);
#1210 = CARTESIAN_POINT('',(28.341836585707,-28.7567,0.));
#1211 = VECTOR('',#1212,1.);
#1212 = DIRECTION('',(-1.,0.,0.));
#1213 = ORIENTED_EDGE('',*,*,#543,.T.);
#1214 = ORIENTED_EDGE('',*,*,#1215,.F.);
#1215 = EDGE_CURVE('',#1216,#546,#1218,.T.);
#1216 = VERTEX_POINT('',#1217);
#1217 = CARTESIAN_POINT('',(16.877439,28.7567,0.));
#1218 = LINE('',#1219,#1220);
#1219 = CARTESIAN_POINT('',(16.877439,28.7567,0.));
#1220 = VECTOR('',#1221,1.);
#1221 = DIRECTION('',(1.,0.,0.));
#1222 = ORIENTED_EDGE('',*,*,#1223,.F.);
#1223 = EDGE_CURVE('',#657,#1216,#1224,.T.);
#1224 = LINE('',#1225,#1226);
#1225 = CARTESIAN_POINT('',(16.877439,48.26,0.));
#1226 = VECTOR('',#1227,1.);
#1227 = DIRECTION('',(0.,-1.,0.));
#1228 = ORIENTED_EDGE('',*,*,#656,.T.);
#1229 = ORIENTED_EDGE('',*,*,#1230,.F.);
#1230 = EDGE_CURVE('',#1177,#659,#1231,.T.);
#1231 = LINE('',#1232,#1233);
#1232 = CARTESIAN_POINT('',(-20.2248,28.7567,0.));
#1233 = VECTOR('',#1234,1.);
#1234 = DIRECTION('',(0.,1.,0.));
#1235 = FACE_BOUND('',#1236,.T.);
#1236 = EDGE_LOOP('',(#1237,#1247,#1255,#1263));
#1237 = ORIENTED_EDGE('',*,*,#1238,.T.);
#1238 = EDGE_CURVE('',#1239,#1241,#1243,.T.);
#1239 = VERTEX_POINT('',#1240);
#1240 = CARTESIAN_POINT('',(15.134900609446,-9.977468911693,0.));
#1241 = VERTEX_POINT('',#1242);
#1242 = CARTESIAN_POINT('',(-11.91609939055,-9.977468911693,0.));
#1243 = LINE('',#1244,#1245);
#1244 = CARTESIAN_POINT('',(7.133368597577,-9.977468911693,0.));
#1245 = VECTOR('',#1246,1.);
#1246 = DIRECTION('',(-1.,0.,0.));
#1247 = ORIENTED_EDGE('',*,*,#1248,.T.);
#1248 = EDGE_CURVE('',#1241,#1249,#1251,.T.);
#1249 = VERTEX_POINT('',#1250);
#1250 = CARTESIAN_POINT('',(-11.91609939055,7.675531088307,0.));
#1251 = LINE('',#1252,#1253);
#1252 = CARTESIAN_POINT('',(-11.91609939055,-4.988734455846,0.));
#1253 = VECTOR('',#1254,1.);
#1254 = DIRECTION('',(0.,1.,0.));
#1255 = ORIENTED_EDGE('',*,*,#1256,.T.);
#1256 = EDGE_CURVE('',#1249,#1257,#1259,.T.);
#1257 = VERTEX_POINT('',#1258);
#1258 = CARTESIAN_POINT('',(15.134900609446,7.675531088307,0.));
#1259 = LINE('',#1260,#1261);
#1260 = CARTESIAN_POINT('',(-6.392131402423,7.675531088307,0.));
#1261 = VECTOR('',#1262,1.);
#1262 = DIRECTION('',(1.,0.,0.));
#1263 = ORIENTED_EDGE('',*,*,#1264,.T.);
#1264 = EDGE_CURVE('',#1257,#1239,#1265,.T.);
#1265 = LINE('',#1266,#1267);
#1266 = CARTESIAN_POINT('',(15.134900609446,3.837765544154,0.));
#1267 = VECTOR('',#1268,1.);
#1268 = DIRECTION('',(0.,-1.,0.));
#1269 = PLANE('',#1270);
#1270 = AXIS2_PLACEMENT_3D('',#1271,#1272,#1273);
#1271 = CARTESIAN_POINT('',(-0.868163414293,0.,0.));
#1272 = DIRECTION('',(0.,0.,1.));
#1273 = DIRECTION('',(1.,0.,0.));
#1274 = ADVANCED_FACE('',(#1275),#1309,.T.);
#1275 = FACE_BOUND('',#1276,.T.);
#1276 = EDGE_LOOP('',(#1277,#1287,#1295,#1301,#1302,#1303));
#1277 = ORIENTED_EDGE('',*,*,#1278,.F.);
#1278 = EDGE_CURVE('',#1279,#1281,#1283,.T.);
#1279 = VERTEX_POINT('',#1280);
#1280 = CARTESIAN_POINT('',(-20.2248,-38.5895,11.684));
#1281 = VERTEX_POINT('',#1282);
#1282 = CARTESIAN_POINT('',(-20.2248,-28.7567,11.684));
#1283 = LINE('',#1284,#1285);
#1284 = CARTESIAN_POINT('',(-20.2248,-24.13,11.684));
#1285 = VECTOR('',#1286,1.);
#1286 = DIRECTION('',(0.,1.,0.));
#1287 = ORIENTED_EDGE('',*,*,#1288,.T.);
#1288 = EDGE_CURVE('',#1279,#1289,#1291,.T.);
#1289 = VERTEX_POINT('',#1290);
#1290 = CARTESIAN_POINT('',(-20.2248,-38.5895,22.606));
#1291 = LINE('',#1292,#1293);
#1292 = CARTESIAN_POINT('',(-20.2248,-38.5895,11.684));
#1293 = VECTOR('',#1294,1.);
#1294 = DIRECTION('',(0.,0.,1.));
#1295 = ORIENTED_EDGE('',*,*,#1296,.T.);
#1296 = EDGE_CURVE('',#1289,#455,#1297,.T.);
#1297 = LINE('',#1298,#1299);
#1298 = CARTESIAN_POINT('',(-20.2248,-20.00504790243,22.606));
#1299 = VECTOR('',#1300,1.);
#1300 = DIRECTION('',(0.,-1.,0.));
#1301 = ORIENTED_EDGE('',*,*,#454,.F.);
#1302 = ORIENTED_EDGE('',*,*,#1193,.T.);
#1303 = ORIENTED_EDGE('',*,*,#1304,.T.);
#1304 = EDGE_CURVE('',#1186,#1281,#1305,.T.);
#1305 = LINE('',#1306,#1307);
#1306 = CARTESIAN_POINT('',(-20.2248,-28.7567,0.));
#1307 = VECTOR('',#1308,1.);
#1308 = DIRECTION('',(0.,0.,1.));
#1309 = PLANE('',#1310);
#1310 = AXIS2_PLACEMENT_3D('',#1311,#1312,#1313);
#1311 = CARTESIAN_POINT('',(-20.2248,-40.01009580487,11.198254195126));
#1312 = DIRECTION('',(1.,0.,0.));
#1313 = DIRECTION('',(0.,0.,1.));
#1314 = ADVANCED_FACE('',(#1315,#1327),#1338,.T.);
#1315 = FACE_BOUND('',#1316,.T.);
#1316 = EDGE_LOOP('',(#1317,#1323,#1324,#1325,#1326));
#1317 = ORIENTED_EDGE('',*,*,#1318,.T.);
#1318 = EDGE_CURVE('',#1289,#788,#1319,.T.);
#1319 = LINE('',#1320,#1321);
#1320 = CARTESIAN_POINT('',(-10.54648170714,-38.5895,22.606));
#1321 = VECTOR('',#1322,1.);
#1322 = DIRECTION('',(-1.,0.,0.));
#1323 = ORIENTED_EDGE('',*,*,#787,.T.);
#1324 = ORIENTED_EDGE('',*,*,#896,.F.);
#1325 = ORIENTED_EDGE('',*,*,#462,.T.);
#1326 = ORIENTED_EDGE('',*,*,#1296,.F.);
#1327 = FACE_BOUND('',#1328,.T.);
#1328 = EDGE_LOOP('',(#1329));
#1329 = ORIENTED_EDGE('',*,*,#1330,.F.);
#1330 = EDGE_CURVE('',#1331,#1331,#1333,.T.);
#1331 = VERTEX_POINT('',#1332);
#1332 = CARTESIAN_POINT('',(-22.35345393815,-43.438538,22.606));
#1333 = CIRCLE('',#1334,2.7559);
#1334 = AXIS2_PLACEMENT_3D('',#1335,#1336,#1337);
#1335 = CARTESIAN_POINT('',(-25.10935393815,-43.438538,22.606));
#1336 = DIRECTION('',(0.,0.,1.));
#1337 = DIRECTION('',(1.,0.,0.));
#1338 = PLANE('',#1339);
#1339 = AXIS2_PLACEMENT_3D('',#1340,#1341,#1342);
#1340 = CARTESIAN_POINT('',(-0.868163414293,-1.724416367355E-15,22.606)
  );
#1341 = DIRECTION('',(0.,0.,1.));
#1342 = DIRECTION('',(1.,0.,0.));
#1343 = ADVANCED_FACE('',(#1344,#1363),#1374,.T.);
#1344 = FACE_BOUND('',#1345,.T.);
#1345 = EDGE_LOOP('',(#1346,#1347,#1355,#1361,#1362));
#1346 = ORIENTED_EDGE('',*,*,#577,.T.);
#1347 = ORIENTED_EDGE('',*,*,#1348,.T.);
#1348 = EDGE_CURVE('',#570,#1349,#1351,.T.);
#1349 = VERTEX_POINT('',#1350);
#1350 = CARTESIAN_POINT('',(16.877439,-38.5895,22.606));
#1351 = LINE('',#1352,#1353);
#1352 = CARTESIAN_POINT('',(13.736836585707,-38.5895,22.606));
#1353 = VECTOR('',#1354,1.);
#1354 = DIRECTION('',(-1.,0.,0.));
#1355 = ORIENTED_EDGE('',*,*,#1356,.F.);
#1356 = EDGE_CURVE('',#486,#1349,#1357,.T.);
#1357 = LINE('',#1358,#1359);
#1358 = CARTESIAN_POINT('',(16.877439,-20.00504790243,22.606));
#1359 = VECTOR('',#1360,1.);
#1360 = DIRECTION('',(0.,1.,0.));
#1361 = ORIENTED_EDGE('',*,*,#485,.T.);
#1362 = ORIENTED_EDGE('',*,*,#519,.T.);
#1363 = FACE_BOUND('',#1364,.T.);
#1364 = EDGE_LOOP('',(#1365));
#1365 = ORIENTED_EDGE('',*,*,#1366,.F.);
#1366 = EDGE_CURVE('',#1367,#1367,#1369,.T.);
#1367 = VERTEX_POINT('',#1368);
#1368 = CARTESIAN_POINT('',(24.496163,-43.438538,22.606));
#1369 = CIRCLE('',#1370,2.7559);
#1370 = AXIS2_PLACEMENT_3D('',#1371,#1372,#1373);
#1371 = CARTESIAN_POINT('',(21.740263,-43.438538,22.606));
#1372 = DIRECTION('',(0.,0.,1.));
#1373 = DIRECTION('',(1.,0.,0.));
#1374 = PLANE('',#1375);
#1375 = AXIS2_PLACEMENT_3D('',#1376,#1377,#1378);
#1376 = CARTESIAN_POINT('',(-0.868163414293,-1.724416367355E-15,22.606)
  );
#1377 = DIRECTION('',(0.,0.,1.));
#1378 = DIRECTION('',(1.,0.,0.));
#1379 = ADVANCED_FACE('',(#1380),#1407,.T.);
#1380 = FACE_BOUND('',#1381,.T.);
#1381 = EDGE_LOOP('',(#1382,#1390,#1391,#1392,#1393,#1401));
#1382 = ORIENTED_EDGE('',*,*,#1383,.F.);
#1383 = EDGE_CURVE('',#1201,#1384,#1386,.T.);
#1384 = VERTEX_POINT('',#1385);
#1385 = CARTESIAN_POINT('',(16.877439,-28.7567,11.684));
#1386 = LINE('',#1387,#1388);
#1387 = CARTESIAN_POINT('',(16.877439,-28.7567,0.));
#1388 = VECTOR('',#1389,1.);
#1389 = DIRECTION('',(0.,0.,1.));
#1390 = ORIENTED_EDGE('',*,*,#1200,.T.);
#1391 = ORIENTED_EDGE('',*,*,#493,.T.);
#1392 = ORIENTED_EDGE('',*,*,#1356,.T.);
#1393 = ORIENTED_EDGE('',*,*,#1394,.F.);
#1394 = EDGE_CURVE('',#1395,#1349,#1397,.T.);
#1395 = VERTEX_POINT('',#1396);
#1396 = CARTESIAN_POINT('',(16.877439,-38.5895,11.684));
#1397 = LINE('',#1398,#1399);
#1398 = CARTESIAN_POINT('',(16.877439,-38.5895,11.684));
#1399 = VECTOR('',#1400,1.);
#1400 = DIRECTION('',(0.,0.,1.));
#1401 = ORIENTED_EDGE('',*,*,#1402,.F.);
#1402 = EDGE_CURVE('',#1384,#1395,#1403,.T.);
#1403 = LINE('',#1404,#1405);
#1404 = CARTESIAN_POINT('',(16.877439,-14.37835,11.684));
#1405 = VECTOR('',#1406,1.);
#1406 = DIRECTION('',(0.,-1.,0.));
#1407 = PLANE('',#1408);
#1408 = AXIS2_PLACEMENT_3D('',#1409,#1410,#1411);
#1409 = CARTESIAN_POINT('',(16.877439,-40.01009580487,11.198254195126));
#1410 = DIRECTION('',(-1.,-0.,-0.));
#1411 = DIRECTION('',(0.,0.,-1.));
#1412 = ADVANCED_FACE('',(#1413),#1424,.F.);
#1413 = FACE_BOUND('',#1414,.F.);
#1414 = EDGE_LOOP('',(#1415,#1416,#1417,#1423));
#1415 = ORIENTED_EDGE('',*,*,#1208,.F.);
#1416 = ORIENTED_EDGE('',*,*,#553,.T.);
#1417 = ORIENTED_EDGE('',*,*,#1418,.T.);
#1418 = EDGE_CURVE('',#554,#1384,#1419,.T.);
#1419 = LINE('',#1420,#1421);
#1420 = CARTESIAN_POINT('',(13.134118597577,-28.7567,11.684));
#1421 = VECTOR('',#1422,1.);
#1422 = DIRECTION('',(-1.,0.,0.));
#1423 = ORIENTED_EDGE('',*,*,#1383,.F.);
#1424 = PLANE('',#1425);
#1425 = AXIS2_PLACEMENT_3D('',#1426,#1427,#1428);
#1426 = CARTESIAN_POINT('',(28.341836585707,-28.7567,0.));
#1427 = DIRECTION('',(0.,-1.,0.));
#1428 = DIRECTION('',(-1.,0.,0.));
#1429 = ADVANCED_FACE('',(#1430,#1441),#1452,.T.);
#1430 = FACE_BOUND('',#1431,.T.);
#1431 = EDGE_LOOP('',(#1432,#1438,#1439,#1440));
#1432 = ORIENTED_EDGE('',*,*,#1433,.F.);
#1433 = EDGE_CURVE('',#562,#1395,#1434,.T.);
#1434 = LINE('',#1435,#1436);
#1435 = CARTESIAN_POINT('',(28.341836585707,-38.5895,11.684));
#1436 = VECTOR('',#1437,1.);
#1437 = DIRECTION('',(-1.,0.,0.));
#1438 = ORIENTED_EDGE('',*,*,#561,.T.);
#1439 = ORIENTED_EDGE('',*,*,#1418,.T.);
#1440 = ORIENTED_EDGE('',*,*,#1402,.T.);
#1441 = FACE_BOUND('',#1442,.T.);
#1442 = EDGE_LOOP('',(#1443));
#1443 = ORIENTED_EDGE('',*,*,#1444,.F.);
#1444 = EDGE_CURVE('',#1445,#1445,#1447,.T.);
#1445 = VERTEX_POINT('',#1446);
#1446 = CARTESIAN_POINT('',(23.288300609446,-33.2105,11.684));
#1447 = CIRCLE('',#1448,2.1844);
#1448 = AXIS2_PLACEMENT_3D('',#1449,#1450,#1451);
#1449 = CARTESIAN_POINT('',(21.103900609446,-33.2105,11.684));
#1450 = DIRECTION('',(0.,0.,1.));
#1451 = DIRECTION('',(1.,0.,0.));
#1452 = PLANE('',#1453);
#1453 = AXIS2_PLACEMENT_3D('',#1454,#1455,#1456);
#1454 = CARTESIAN_POINT('',(-2.073599390554,-2.148693056007E-15,11.684)
  );
#1455 = DIRECTION('',(0.,0.,1.));
#1456 = DIRECTION('',(1.,0.,0.));
#1457 = ADVANCED_FACE('',(#1458),#1464,.F.);
#1458 = FACE_BOUND('',#1459,.F.);
#1459 = EDGE_LOOP('',(#1460,#1461,#1462,#1463));
#1460 = ORIENTED_EDGE('',*,*,#1433,.F.);
#1461 = ORIENTED_EDGE('',*,*,#569,.T.);
#1462 = ORIENTED_EDGE('',*,*,#1348,.T.);
#1463 = ORIENTED_EDGE('',*,*,#1394,.F.);
#1464 = PLANE('',#1465);
#1465 = AXIS2_PLACEMENT_3D('',#1466,#1467,#1468);
#1466 = CARTESIAN_POINT('',(28.341836585707,-38.5895,11.684));
#1467 = DIRECTION('',(0.,-1.,0.));
#1468 = DIRECTION('',(-1.,0.,0.));
#1469 = ADVANCED_FACE('',(#1470,#1489),#1500,.T.);
#1470 = FACE_BOUND('',#1471,.T.);
#1471 = EDGE_LOOP('',(#1472,#1473,#1474,#1482,#1488));
#1472 = ORIENTED_EDGE('',*,*,#632,.T.);
#1473 = ORIENTED_EDGE('',*,*,#674,.T.);
#1474 = ORIENTED_EDGE('',*,*,#1475,.F.);
#1475 = EDGE_CURVE('',#1476,#667,#1478,.T.);
#1476 = VERTEX_POINT('',#1477);
#1477 = CARTESIAN_POINT('',(16.877439,38.5895,22.606));
#1478 = LINE('',#1479,#1480);
#1479 = CARTESIAN_POINT('',(16.877439,20.005047902437,22.606));
#1480 = VECTOR('',#1481,1.);
#1481 = DIRECTION('',(0.,1.,0.));
#1482 = ORIENTED_EDGE('',*,*,#1483,.T.);
#1483 = EDGE_CURVE('',#1476,#594,#1484,.T.);
#1484 = LINE('',#1485,#1486);
#1485 = CARTESIAN_POINT('',(8.004637792854,38.5895,22.606));
#1486 = VECTOR('',#1487,1.);
#1487 = DIRECTION('',(1.,0.,0.));
#1488 = ORIENTED_EDGE('',*,*,#593,.T.);
#1489 = FACE_BOUND('',#1490,.T.);
#1490 = EDGE_LOOP('',(#1491));
#1491 = ORIENTED_EDGE('',*,*,#1492,.F.);
#1492 = EDGE_CURVE('',#1493,#1493,#1495,.T.);
#1493 = VERTEX_POINT('',#1494);
#1494 = CARTESIAN_POINT('',(24.496163,43.102746603913,22.606));
#1495 = CIRCLE('',#1496,2.7559);
#1496 = AXIS2_PLACEMENT_3D('',#1497,#1498,#1499);
#1497 = CARTESIAN_POINT('',(21.740263,43.102746603913,22.606));
#1498 = DIRECTION('',(0.,0.,1.));
#1499 = DIRECTION('',(1.,0.,0.));
#1500 = PLANE('',#1501);
#1501 = AXIS2_PLACEMENT_3D('',#1502,#1503,#1504);
#1502 = CARTESIAN_POINT('',(-0.868163414293,-1.724416367355E-15,22.606)
  );
#1503 = DIRECTION('',(0.,0.,1.));
#1504 = DIRECTION('',(1.,0.,0.));
#1505 = ADVANCED_FACE('',(#1506),#1524,.F.);
#1506 = FACE_BOUND('',#1507,.F.);
#1507 = EDGE_LOOP('',(#1508,#1516,#1522,#1523));
#1508 = ORIENTED_EDGE('',*,*,#1509,.F.);
#1509 = EDGE_CURVE('',#1510,#602,#1512,.T.);
#1510 = VERTEX_POINT('',#1511);
#1511 = CARTESIAN_POINT('',(16.877439,38.5895,11.684));
#1512 = LINE('',#1513,#1514);
#1513 = CARTESIAN_POINT('',(16.877439,38.5895,11.684));
#1514 = VECTOR('',#1515,1.);
#1515 = DIRECTION('',(1.,0.,0.));
#1516 = ORIENTED_EDGE('',*,*,#1517,.T.);
#1517 = EDGE_CURVE('',#1510,#1476,#1518,.T.);
#1518 = LINE('',#1519,#1520);
#1519 = CARTESIAN_POINT('',(16.877439,38.5895,11.684));
#1520 = VECTOR('',#1521,1.);
#1521 = DIRECTION('',(0.,0.,1.));
#1522 = ORIENTED_EDGE('',*,*,#1483,.T.);
#1523 = ORIENTED_EDGE('',*,*,#601,.F.);
#1524 = PLANE('',#1525);
#1525 = AXIS2_PLACEMENT_3D('',#1526,#1527,#1528);
#1526 = CARTESIAN_POINT('',(16.877439,38.5895,11.684));
#1527 = DIRECTION('',(0.,1.,0.));
#1528 = DIRECTION('',(1.,0.,0.));
#1529 = ADVANCED_FACE('',(#1530,#1548),#1559,.T.);
#1530 = FACE_BOUND('',#1531,.T.);
#1531 = EDGE_LOOP('',(#1532,#1533,#1534,#1542));
#1532 = ORIENTED_EDGE('',*,*,#609,.T.);
#1533 = ORIENTED_EDGE('',*,*,#1509,.F.);
#1534 = ORIENTED_EDGE('',*,*,#1535,.T.);
#1535 = EDGE_CURVE('',#1510,#1536,#1538,.T.);
#1536 = VERTEX_POINT('',#1537);
#1537 = CARTESIAN_POINT('',(16.877439,28.7567,11.684));
#1538 = LINE('',#1539,#1540);
#1539 = CARTESIAN_POINT('',(16.877439,24.13,11.684));
#1540 = VECTOR('',#1541,1.);
#1541 = DIRECTION('',(0.,-1.,0.));
#1542 = ORIENTED_EDGE('',*,*,#1543,.T.);
#1543 = EDGE_CURVE('',#1536,#610,#1544,.T.);
#1544 = LINE('',#1545,#1546);
#1545 = CARTESIAN_POINT('',(7.401919804723,28.7567,11.684));
#1546 = VECTOR('',#1547,1.);
#1547 = DIRECTION('',(1.,0.,0.));
#1548 = FACE_BOUND('',#1549,.T.);
#1549 = EDGE_LOOP('',(#1550));
#1550 = ORIENTED_EDGE('',*,*,#1551,.F.);
#1551 = EDGE_CURVE('',#1552,#1552,#1554,.T.);
#1552 = VERTEX_POINT('',#1553);
#1553 = CARTESIAN_POINT('',(23.288300609446,33.2105,11.684));
#1554 = CIRCLE('',#1555,2.1844);
#1555 = AXIS2_PLACEMENT_3D('',#1556,#1557,#1558);
#1556 = CARTESIAN_POINT('',(21.103900609446,33.2105,11.684));
#1557 = DIRECTION('',(0.,0.,1.));
#1558 = DIRECTION('',(1.,0.,0.));
#1559 = PLANE('',#1560);
#1560 = AXIS2_PLACEMENT_3D('',#1561,#1562,#1563);
#1561 = CARTESIAN_POINT('',(-2.073599390554,-2.148693056007E-15,11.684)
  );
#1562 = DIRECTION('',(0.,0.,1.));
#1563 = DIRECTION('',(1.,0.,0.));
#1564 = ADVANCED_FACE('',(#1565),#1576,.F.);
#1565 = FACE_BOUND('',#1566,.F.);
#1566 = EDGE_LOOP('',(#1567,#1568,#1574,#1575));
#1567 = ORIENTED_EDGE('',*,*,#1215,.F.);
#1568 = ORIENTED_EDGE('',*,*,#1569,.T.);
#1569 = EDGE_CURVE('',#1216,#1536,#1570,.T.);
#1570 = LINE('',#1571,#1572);
#1571 = CARTESIAN_POINT('',(16.877439,28.7567,0.));
#1572 = VECTOR('',#1573,1.);
#1573 = DIRECTION('',(0.,0.,1.));
#1574 = ORIENTED_EDGE('',*,*,#1543,.T.);
#1575 = ORIENTED_EDGE('',*,*,#617,.F.);
#1576 = PLANE('',#1577);
#1577 = AXIS2_PLACEMENT_3D('',#1578,#1579,#1580);
#1578 = CARTESIAN_POINT('',(16.877439,28.7567,0.));
#1579 = DIRECTION('',(0.,1.,0.));
#1580 = DIRECTION('',(1.,0.,0.));
#1581 = ADVANCED_FACE('',(#1582),#1590,.T.);
#1582 = FACE_BOUND('',#1583,.T.);
#1583 = EDGE_LOOP('',(#1584,#1585,#1586,#1587,#1588,#1589));
#1584 = ORIENTED_EDGE('',*,*,#1535,.F.);
#1585 = ORIENTED_EDGE('',*,*,#1517,.T.);
#1586 = ORIENTED_EDGE('',*,*,#1475,.T.);
#1587 = ORIENTED_EDGE('',*,*,#666,.F.);
#1588 = ORIENTED_EDGE('',*,*,#1223,.T.);
#1589 = ORIENTED_EDGE('',*,*,#1569,.T.);
#1590 = PLANE('',#1591);
#1591 = AXIS2_PLACEMENT_3D('',#1592,#1593,#1594);
#1592 = CARTESIAN_POINT('',(16.877439,40.010095804874,11.198254195126));
#1593 = DIRECTION('',(-1.,-0.,-0.));
#1594 = DIRECTION('',(0.,0.,-1.));
#1595 = ADVANCED_FACE('',(#1596,#1615),#1626,.T.);
#1596 = FACE_BOUND('',#1597,.T.);
#1597 = EDGE_LOOP('',(#1598,#1606,#1607,#1608,#1609));
#1598 = ORIENTED_EDGE('',*,*,#1599,.F.);
#1599 = EDGE_CURVE('',#691,#1600,#1602,.T.);
#1600 = VERTEX_POINT('',#1601);
#1601 = CARTESIAN_POINT('',(-20.2248,38.5895,22.606));
#1602 = LINE('',#1603,#1604);
#1603 = CARTESIAN_POINT('',(-20.2248,20.005047902437,22.606));
#1604 = VECTOR('',#1605,1.);
#1605 = DIRECTION('',(0.,-1.,0.));
#1606 = ORIENTED_EDGE('',*,*,#690,.T.);
#1607 = ORIENTED_EDGE('',*,*,#713,.T.);
#1608 = ORIENTED_EDGE('',*,*,#771,.T.);
#1609 = ORIENTED_EDGE('',*,*,#1610,.T.);
#1610 = EDGE_CURVE('',#764,#1600,#1611,.T.);
#1611 = LINE('',#1612,#1613);
#1612 = CARTESIAN_POINT('',(-15.47316341429,38.5895,22.606));
#1613 = VECTOR('',#1614,1.);
#1614 = DIRECTION('',(1.,0.,0.));
#1615 = FACE_BOUND('',#1616,.T.);
#1616 = EDGE_LOOP('',(#1617));
#1617 = ORIENTED_EDGE('',*,*,#1618,.F.);
#1618 = EDGE_CURVE('',#1619,#1619,#1621,.T.);
#1619 = VERTEX_POINT('',#1620);
#1620 = CARTESIAN_POINT('',(-22.35345393815,43.102746603913,22.606));
#1621 = CIRCLE('',#1622,2.7559);
#1622 = AXIS2_PLACEMENT_3D('',#1623,#1624,#1625);
#1623 = CARTESIAN_POINT('',(-25.10935393815,43.102746603913,22.606));
#1624 = DIRECTION('',(0.,0.,1.));
#1625 = DIRECTION('',(1.,0.,0.));
#1626 = PLANE('',#1627);
#1627 = AXIS2_PLACEMENT_3D('',#1628,#1629,#1630);
#1628 = CARTESIAN_POINT('',(-0.868163414293,-1.724416367355E-15,22.606)
  );
#1629 = DIRECTION('',(0.,0.,1.));
#1630 = DIRECTION('',(1.,0.,0.));
#1631 = ADVANCED_FACE('',(#1632),#1659,.T.);
#1632 = FACE_BOUND('',#1633,.T.);
#1633 = EDGE_LOOP('',(#1634,#1642,#1643,#1644,#1645,#1653));
#1634 = ORIENTED_EDGE('',*,*,#1635,.F.);
#1635 = EDGE_CURVE('',#1177,#1636,#1638,.T.);
#1636 = VERTEX_POINT('',#1637);
#1637 = CARTESIAN_POINT('',(-20.2248,28.7567,11.684));
#1638 = LINE('',#1639,#1640);
#1639 = CARTESIAN_POINT('',(-20.2248,28.7567,0.));
#1640 = VECTOR('',#1641,1.);
#1641 = DIRECTION('',(0.,0.,1.));
#1642 = ORIENTED_EDGE('',*,*,#1230,.T.);
#1643 = ORIENTED_EDGE('',*,*,#698,.T.);
#1644 = ORIENTED_EDGE('',*,*,#1599,.T.);
#1645 = ORIENTED_EDGE('',*,*,#1646,.F.);
#1646 = EDGE_CURVE('',#1647,#1600,#1649,.T.);
#1647 = VERTEX_POINT('',#1648);
#1648 = CARTESIAN_POINT('',(-20.2248,38.5895,11.684));
#1649 = LINE('',#1650,#1651);
#1650 = CARTESIAN_POINT('',(-20.2248,38.5895,11.684));
#1651 = VECTOR('',#1652,1.);
#1652 = DIRECTION('',(0.,0.,1.));
#1653 = ORIENTED_EDGE('',*,*,#1654,.F.);
#1654 = EDGE_CURVE('',#1636,#1647,#1655,.T.);
#1655 = LINE('',#1656,#1657);
#1656 = CARTESIAN_POINT('',(-20.2248,14.37835,11.684));
#1657 = VECTOR('',#1658,1.);
#1658 = DIRECTION('',(0.,1.,0.));
#1659 = PLANE('',#1660);
#1660 = AXIS2_PLACEMENT_3D('',#1661,#1662,#1663);
#1661 = CARTESIAN_POINT('',(-20.2248,40.010095804874,11.198254195126));
#1662 = DIRECTION('',(1.,0.,0.));
#1663 = DIRECTION('',(0.,0.,1.));
#1664 = ADVANCED_FACE('',(#1665),#1676,.F.);
#1665 = FACE_BOUND('',#1666,.F.);
#1666 = EDGE_LOOP('',(#1667,#1668,#1669,#1675));
#1667 = ORIENTED_EDGE('',*,*,#1176,.F.);
#1668 = ORIENTED_EDGE('',*,*,#747,.T.);
#1669 = ORIENTED_EDGE('',*,*,#1670,.T.);
#1670 = EDGE_CURVE('',#748,#1636,#1671,.T.);
#1671 = LINE('',#1672,#1673);
#1672 = CARTESIAN_POINT('',(-16.07588140242,28.7567,11.684));
#1673 = VECTOR('',#1674,1.);
#1674 = DIRECTION('',(1.,0.,0.));
#1675 = ORIENTED_EDGE('',*,*,#1635,.F.);
#1676 = PLANE('',#1677);
#1677 = AXIS2_PLACEMENT_3D('',#1678,#1679,#1680);
#1678 = CARTESIAN_POINT('',(-30.07816341429,28.7567,0.));
#1679 = DIRECTION('',(0.,1.,0.));
#1680 = DIRECTION('',(1.,0.,0.));
#1681 = ADVANCED_FACE('',(#1682,#1693),#1704,.T.);
#1682 = FACE_BOUND('',#1683,.T.);
#1683 = EDGE_LOOP('',(#1684,#1690,#1691,#1692));
#1684 = ORIENTED_EDGE('',*,*,#1685,.F.);
#1685 = EDGE_CURVE('',#756,#1647,#1686,.T.);
#1686 = LINE('',#1687,#1688);
#1687 = CARTESIAN_POINT('',(-30.07816341429,38.5895,11.684));
#1688 = VECTOR('',#1689,1.);
#1689 = DIRECTION('',(1.,0.,0.));
#1690 = ORIENTED_EDGE('',*,*,#755,.T.);
#1691 = ORIENTED_EDGE('',*,*,#1670,.T.);
#1692 = ORIENTED_EDGE('',*,*,#1654,.T.);
#1693 = FACE_BOUND('',#1694,.T.);
#1694 = EDGE_LOOP('',(#1695));
#1695 = ORIENTED_EDGE('',*,*,#1696,.F.);
#1696 = EDGE_CURVE('',#1697,#1697,#1699,.T.);
#1697 = VERTEX_POINT('',#1698);
#1698 = CARTESIAN_POINT('',(-23.06669939055,33.2105,11.684));
#1699 = CIRCLE('',#1700,2.1844);
#1700 = AXIS2_PLACEMENT_3D('',#1701,#1702,#1703);
#1701 = CARTESIAN_POINT('',(-25.25109939055,33.2105,11.684));
#1702 = DIRECTION('',(0.,0.,1.));
#1703 = DIRECTION('',(1.,0.,0.));
#1704 = PLANE('',#1705);
#1705 = AXIS2_PLACEMENT_3D('',#1706,#1707,#1708);
#1706 = CARTESIAN_POINT('',(-2.073599390554,-2.148693056007E-15,11.684)
  );
#1707 = DIRECTION('',(0.,0.,1.));
#1708 = DIRECTION('',(1.,0.,0.));
#1709 = ADVANCED_FACE('',(#1710),#1716,.F.);
#1710 = FACE_BOUND('',#1711,.F.);
#1711 = EDGE_LOOP('',(#1712,#1713,#1714,#1715));
#1712 = ORIENTED_EDGE('',*,*,#1685,.F.);
#1713 = ORIENTED_EDGE('',*,*,#763,.T.);
#1714 = ORIENTED_EDGE('',*,*,#1610,.T.);
#1715 = ORIENTED_EDGE('',*,*,#1646,.F.);
#1716 = PLANE('',#1717);
#1717 = AXIS2_PLACEMENT_3D('',#1718,#1719,#1720);
#1718 = CARTESIAN_POINT('',(-30.07816341429,38.5895,11.684));
#1719 = DIRECTION('',(0.,1.,0.));
#1720 = DIRECTION('',(1.,0.,0.));
#1721 = ADVANCED_FACE('',(#1722),#1733,.F.);
#1722 = FACE_BOUND('',#1723,.F.);
#1723 = EDGE_LOOP('',(#1724,#1730,#1731,#1732));
#1724 = ORIENTED_EDGE('',*,*,#1725,.F.);
#1725 = EDGE_CURVE('',#1279,#796,#1726,.T.);
#1726 = LINE('',#1727,#1728);
#1727 = CARTESIAN_POINT('',(-20.2248,-38.5895,11.684));
#1728 = VECTOR('',#1729,1.);
#1729 = DIRECTION('',(-1.,0.,0.));
#1730 = ORIENTED_EDGE('',*,*,#1288,.T.);
#1731 = ORIENTED_EDGE('',*,*,#1318,.T.);
#1732 = ORIENTED_EDGE('',*,*,#795,.F.);
#1733 = PLANE('',#1734);
#1734 = AXIS2_PLACEMENT_3D('',#1735,#1736,#1737);
#1735 = CARTESIAN_POINT('',(-20.2248,-38.5895,11.684));
#1736 = DIRECTION('',(0.,-1.,0.));
#1737 = DIRECTION('',(-1.,0.,0.));
#1738 = ADVANCED_FACE('',(#1739,#1750),#1761,.T.);
#1739 = FACE_BOUND('',#1740,.T.);
#1740 = EDGE_LOOP('',(#1741,#1742,#1743,#1749));
#1741 = ORIENTED_EDGE('',*,*,#1725,.F.);
#1742 = ORIENTED_EDGE('',*,*,#1278,.T.);
#1743 = ORIENTED_EDGE('',*,*,#1744,.T.);
#1744 = EDGE_CURVE('',#1281,#804,#1745,.T.);
#1745 = LINE('',#1746,#1747);
#1746 = CARTESIAN_POINT('',(-11.14919969527,-28.7567,11.684));
#1747 = VECTOR('',#1748,1.);
#1748 = DIRECTION('',(-1.,0.,0.));
#1749 = ORIENTED_EDGE('',*,*,#803,.T.);
#1750 = FACE_BOUND('',#1751,.T.);
#1751 = EDGE_LOOP('',(#1752));
#1752 = ORIENTED_EDGE('',*,*,#1753,.F.);
#1753 = EDGE_CURVE('',#1754,#1754,#1756,.T.);
#1754 = VERTEX_POINT('',#1755);
#1755 = CARTESIAN_POINT('',(-23.06669939055,-33.2105,11.684));
#1756 = CIRCLE('',#1757,2.1844);
#1757 = AXIS2_PLACEMENT_3D('',#1758,#1759,#1760);
#1758 = CARTESIAN_POINT('',(-25.25109939055,-33.2105,11.684));
#1759 = DIRECTION('',(0.,0.,1.));
#1760 = DIRECTION('',(1.,0.,0.));
#1761 = PLANE('',#1762);
#1762 = AXIS2_PLACEMENT_3D('',#1763,#1764,#1765);
#1763 = CARTESIAN_POINT('',(-2.073599390554,-2.148693056007E-15,11.684)
  );
#1764 = DIRECTION('',(0.,0.,1.));
#1765 = DIRECTION('',(1.,0.,0.));
#1766 = ADVANCED_FACE('',(#1767),#1773,.F.);
#1767 = FACE_BOUND('',#1768,.F.);
#1768 = EDGE_LOOP('',(#1769,#1770,#1771,#1772));
#1769 = ORIENTED_EDGE('',*,*,#1185,.F.);
#1770 = ORIENTED_EDGE('',*,*,#1304,.T.);
#1771 = ORIENTED_EDGE('',*,*,#1744,.T.);
#1772 = ORIENTED_EDGE('',*,*,#811,.F.);
#1773 = PLANE('',#1774);
#1774 = AXIS2_PLACEMENT_3D('',#1775,#1776,#1777);
#1775 = CARTESIAN_POINT('',(-20.2248,-28.7567,0.));
#1776 = DIRECTION('',(0.,-1.,0.));
#1777 = DIRECTION('',(-1.,0.,0.));
#1778 = ADVANCED_FACE('',(#1779),#1804,.F.);
#1779 = FACE_BOUND('',#1780,.F.);
#1780 = EDGE_LOOP('',(#1781,#1791,#1797,#1798));
#1781 = ORIENTED_EDGE('',*,*,#1782,.F.);
#1782 = EDGE_CURVE('',#1783,#1785,#1787,.T.);
#1783 = VERTEX_POINT('',#1784);
#1784 = CARTESIAN_POINT('',(-31.34816341429,-3.683,7.0485));
#1785 = VERTEX_POINT('',#1786);
#1786 = CARTESIAN_POINT('',(-31.34816341429,3.683,7.0485));
#1787 = LINE('',#1788,#1789);
#1788 = CARTESIAN_POINT('',(-31.34816341429,-3.1115,7.0485));
#1789 = VECTOR('',#1790,1.);
#1790 = DIRECTION('',(0.,1.,0.));
#1791 = ORIENTED_EDGE('',*,*,#1792,.T.);
#1792 = EDGE_CURVE('',#1783,#820,#1793,.T.);
#1793 = LINE('',#1794,#1795);
#1794 = CARTESIAN_POINT('',(-32.61816341429,-3.683,7.0485));
#1795 = VECTOR('',#1796,1.);
#1796 = DIRECTION('',(1.,0.,0.));
#1797 = ORIENTED_EDGE('',*,*,#819,.T.);
#1798 = ORIENTED_EDGE('',*,*,#1799,.F.);
#1799 = EDGE_CURVE('',#1785,#822,#1800,.T.);
#1800 = LINE('',#1801,#1802);
#1801 = CARTESIAN_POINT('',(-32.61816341429,3.683,7.0485));
#1802 = VECTOR('',#1803,1.);
#1803 = DIRECTION('',(1.,0.,0.));
#1804 = PLANE('',#1805);
#1805 = AXIS2_PLACEMENT_3D('',#1806,#1807,#1808);
#1806 = CARTESIAN_POINT('',(-32.61816341429,-6.223,7.0485));
#1807 = DIRECTION('',(0.,0.,1.));
#1808 = DIRECTION('',(0.,1.,0.));
#1809 = ADVANCED_FACE('',(#1810),#1829,.F.);
#1810 = FACE_BOUND('',#1811,.F.);
#1811 = EDGE_LOOP('',(#1812,#1820,#1827,#1828));
#1812 = ORIENTED_EDGE('',*,*,#1813,.F.);
#1813 = EDGE_CURVE('',#1814,#830,#1816,.T.);
#1814 = VERTEX_POINT('',#1815);
#1815 = CARTESIAN_POINT('',(-31.34816341429,6.223,4.5085));
#1816 = LINE('',#1817,#1818);
#1817 = CARTESIAN_POINT('',(-32.61816341429,6.223,4.5085));
#1818 = VECTOR('',#1819,1.);
#1819 = DIRECTION('',(1.,0.,0.));
#1820 = ORIENTED_EDGE('',*,*,#1821,.T.);
#1821 = EDGE_CURVE('',#1814,#1785,#1822,.T.);
#1822 = CIRCLE('',#1823,2.54);
#1823 = AXIS2_PLACEMENT_3D('',#1824,#1825,#1826);
#1824 = CARTESIAN_POINT('',(-31.34816341429,3.683,4.5085));
#1825 = DIRECTION('',(1.,0.,0.));
#1826 = DIRECTION('',(0.,1.,0.));
#1827 = ORIENTED_EDGE('',*,*,#1799,.T.);
#1828 = ORIENTED_EDGE('',*,*,#829,.F.);
#1829 = CYLINDRICAL_SURFACE('',#1830,2.54);
#1830 = AXIS2_PLACEMENT_3D('',#1831,#1832,#1833);
#1831 = CARTESIAN_POINT('',(-32.61816341429,3.683,4.5085));
#1832 = DIRECTION('',(1.,0.,0.));
#1833 = DIRECTION('',(0.,1.,0.));
#1834 = ADVANCED_FACE('',(#1835),#1853,.F.);
#1835 = FACE_BOUND('',#1836,.F.);
#1836 = EDGE_LOOP('',(#1837,#1845,#1846,#1847));
#1837 = ORIENTED_EDGE('',*,*,#1838,.F.);
#1838 = EDGE_CURVE('',#1814,#1839,#1841,.T.);
#1839 = VERTEX_POINT('',#1840);
#1840 = CARTESIAN_POINT('',(-31.34816341429,6.223,3.2385));
#1841 = LINE('',#1842,#1843);
#1842 = CARTESIAN_POINT('',(-31.34816341429,6.223,5.461));
#1843 = VECTOR('',#1844,1.);
#1844 = DIRECTION('',(0.,0.,-1.));
#1845 = ORIENTED_EDGE('',*,*,#1813,.T.);
#1846 = ORIENTED_EDGE('',*,*,#838,.T.);
#1847 = ORIENTED_EDGE('',*,*,#1848,.F.);
#1848 = EDGE_CURVE('',#1839,#839,#1849,.T.);
#1849 = LINE('',#1850,#1851);
#1850 = CARTESIAN_POINT('',(-32.61816341429,6.223,3.2385));
#1851 = VECTOR('',#1852,1.);
#1852 = DIRECTION('',(1.,0.,0.));
#1853 = PLANE('',#1854);
#1854 = AXIS2_PLACEMENT_3D('',#1855,#1856,#1857);
#1855 = CARTESIAN_POINT('',(-32.61816341429,6.223,7.0485));
#1856 = DIRECTION('',(0.,1.,0.));
#1857 = DIRECTION('',(0.,0.,-1.));
#1858 = ADVANCED_FACE('',(#1859),#1878,.F.);
#1859 = FACE_BOUND('',#1860,.T.);
#1860 = EDGE_LOOP('',(#1861,#1862,#1871,#1877));
#1861 = ORIENTED_EDGE('',*,*,#1848,.F.);
#1862 = ORIENTED_EDGE('',*,*,#1863,.F.);
#1863 = EDGE_CURVE('',#1864,#1839,#1866,.T.);
#1864 = VERTEX_POINT('',#1865);
#1865 = CARTESIAN_POINT('',(-31.34816341429,3.683,0.6985));
#1866 = CIRCLE('',#1867,2.54);
#1867 = AXIS2_PLACEMENT_3D('',#1868,#1869,#1870);
#1868 = CARTESIAN_POINT('',(-31.34816341429,3.683,3.2385));
#1869 = DIRECTION('',(1.,0.,0.));
#1870 = DIRECTION('',(0.,1.,0.));
#1871 = ORIENTED_EDGE('',*,*,#1872,.T.);
#1872 = EDGE_CURVE('',#1864,#847,#1873,.T.);
#1873 = LINE('',#1874,#1875);
#1874 = CARTESIAN_POINT('',(-32.61816341429,3.683,0.6985));
#1875 = VECTOR('',#1876,1.);
#1876 = DIRECTION('',(1.,0.,0.));
#1877 = ORIENTED_EDGE('',*,*,#846,.F.);
#1878 = CYLINDRICAL_SURFACE('',#1879,2.54);
#1879 = AXIS2_PLACEMENT_3D('',#1880,#1881,#1882);
#1880 = CARTESIAN_POINT('',(-32.61816341429,3.683,3.2385));
#1881 = DIRECTION('',(1.,0.,0.));
#1882 = DIRECTION('',(0.,1.,0.));
#1883 = ADVANCED_FACE('',(#1884),#1902,.F.);
#1884 = FACE_BOUND('',#1885,.F.);
#1885 = EDGE_LOOP('',(#1886,#1894,#1895,#1896));
#1886 = ORIENTED_EDGE('',*,*,#1887,.F.);
#1887 = EDGE_CURVE('',#1864,#1888,#1890,.T.);
#1888 = VERTEX_POINT('',#1889);
#1889 = CARTESIAN_POINT('',(-31.34816341429,-3.683,0.6985));
#1890 = LINE('',#1891,#1892);
#1891 = CARTESIAN_POINT('',(-31.34816341429,3.1115,0.6985));
#1892 = VECTOR('',#1893,1.);
#1893 = DIRECTION('',(0.,-1.,0.));
#1894 = ORIENTED_EDGE('',*,*,#1872,.T.);
#1895 = ORIENTED_EDGE('',*,*,#855,.T.);
#1896 = ORIENTED_EDGE('',*,*,#1897,.F.);
#1897 = EDGE_CURVE('',#1888,#856,#1898,.T.);
#1898 = LINE('',#1899,#1900);
#1899 = CARTESIAN_POINT('',(-32.61816341429,-3.683,0.6985));
#1900 = VECTOR('',#1901,1.);
#1901 = DIRECTION('',(1.,0.,0.));
#1902 = PLANE('',#1903);
#1903 = AXIS2_PLACEMENT_3D('',#1904,#1905,#1906);
#1904 = CARTESIAN_POINT('',(-32.61816341429,6.223,0.6985));
#1905 = DIRECTION('',(0.,0.,-1.));
#1906 = DIRECTION('',(0.,-1.,0.));
#1907 = ADVANCED_FACE('',(#1908),#1927,.F.);
#1908 = FACE_BOUND('',#1909,.T.);
#1909 = EDGE_LOOP('',(#1910,#1911,#1920,#1926));
#1910 = ORIENTED_EDGE('',*,*,#1897,.F.);
#1911 = ORIENTED_EDGE('',*,*,#1912,.F.);
#1912 = EDGE_CURVE('',#1913,#1888,#1915,.T.);
#1913 = VERTEX_POINT('',#1914);
#1914 = CARTESIAN_POINT('',(-31.34816341429,-6.223,3.2385));
#1915 = CIRCLE('',#1916,2.54);
#1916 = AXIS2_PLACEMENT_3D('',#1917,#1918,#1919);
#1917 = CARTESIAN_POINT('',(-31.34816341429,-3.683,3.2385));
#1918 = DIRECTION('',(1.,-0.,0.));
#1919 = DIRECTION('',(0.,0.,-1.));
#1920 = ORIENTED_EDGE('',*,*,#1921,.T.);
#1921 = EDGE_CURVE('',#1913,#864,#1922,.T.);
#1922 = LINE('',#1923,#1924);
#1923 = CARTESIAN_POINT('',(-32.61816341429,-6.223,3.2385));
#1924 = VECTOR('',#1925,1.);
#1925 = DIRECTION('',(1.,0.,0.));
#1926 = ORIENTED_EDGE('',*,*,#863,.F.);
#1927 = CYLINDRICAL_SURFACE('',#1928,2.54);
#1928 = AXIS2_PLACEMENT_3D('',#1929,#1930,#1931);
#1929 = CARTESIAN_POINT('',(-32.61816341429,-3.683,3.2385));
#1930 = DIRECTION('',(1.,0.,0.));
#1931 = DIRECTION('',(0.,0.,-1.));
#1932 = ADVANCED_FACE('',(#1933),#1951,.F.);
#1933 = FACE_BOUND('',#1934,.F.);
#1934 = EDGE_LOOP('',(#1935,#1943,#1944,#1945));
#1935 = ORIENTED_EDGE('',*,*,#1936,.F.);
#1936 = EDGE_CURVE('',#1913,#1937,#1939,.T.);
#1937 = VERTEX_POINT('',#1938);
#1938 = CARTESIAN_POINT('',(-31.34816341429,-6.223,4.5085));
#1939 = LINE('',#1940,#1941);
#1940 = CARTESIAN_POINT('',(-31.34816341429,-6.223,2.286));
#1941 = VECTOR('',#1942,1.);
#1942 = DIRECTION('',(0.,0.,1.));
#1943 = ORIENTED_EDGE('',*,*,#1921,.T.);
#1944 = ORIENTED_EDGE('',*,*,#872,.T.);
#1945 = ORIENTED_EDGE('',*,*,#1946,.F.);
#1946 = EDGE_CURVE('',#1937,#873,#1947,.T.);
#1947 = LINE('',#1948,#1949);
#1948 = CARTESIAN_POINT('',(-32.61816341429,-6.223,4.5085));
#1949 = VECTOR('',#1950,1.);
#1950 = DIRECTION('',(1.,0.,0.));
#1951 = PLANE('',#1952);
#1952 = AXIS2_PLACEMENT_3D('',#1953,#1954,#1955);
#1953 = CARTESIAN_POINT('',(-32.61816341429,-6.223,0.6985));
#1954 = DIRECTION('',(0.,-1.,0.));
#1955 = DIRECTION('',(0.,0.,1.));
#1956 = ADVANCED_FACE('',(#1957),#1969,.F.);
#1957 = FACE_BOUND('',#1958,.T.);
#1958 = EDGE_LOOP('',(#1959,#1960,#1967,#1968));
#1959 = ORIENTED_EDGE('',*,*,#1946,.F.);
#1960 = ORIENTED_EDGE('',*,*,#1961,.F.);
#1961 = EDGE_CURVE('',#1783,#1937,#1962,.T.);
#1962 = CIRCLE('',#1963,2.54);
#1963 = AXIS2_PLACEMENT_3D('',#1964,#1965,#1966);
#1964 = CARTESIAN_POINT('',(-31.34816341429,-3.683,4.5085));
#1965 = DIRECTION('',(1.,0.,0.));
#1966 = DIRECTION('',(0.,-1.,0.));
#1967 = ORIENTED_EDGE('',*,*,#1792,.T.);
#1968 = ORIENTED_EDGE('',*,*,#880,.F.);
#1969 = CYLINDRICAL_SURFACE('',#1970,2.54);
#1970 = AXIS2_PLACEMENT_3D('',#1971,#1972,#1973);
#1971 = CARTESIAN_POINT('',(-32.61816341429,-3.683,4.5085));
#1972 = DIRECTION('',(1.,0.,0.));
#1973 = DIRECTION('',(0.,-1.,0.));
#1974 = ADVANCED_FACE('',(#1975),#2000,.T.);
#1975 = FACE_BOUND('',#1976,.T.);
#1976 = EDGE_LOOP('',(#1977,#1985,#1986,#1994));
#1977 = ORIENTED_EDGE('',*,*,#1978,.F.);
#1978 = EDGE_CURVE('',#914,#1979,#1981,.T.);
#1979 = VERTEX_POINT('',#1980);
#1980 = CARTESIAN_POINT('',(15.134900609446,7.675531088307,-0.508));
#1981 = LINE('',#1982,#1983);
#1982 = CARTESIAN_POINT('',(11.303733942779,3.844364421641,
    3.323166666667));
#1983 = VECTOR('',#1984,1.);
#1984 = DIRECTION('',(-0.57735026919,-0.57735026919,0.57735026919));
#1985 = ORIENTED_EDGE('',*,*,#913,.T.);
#1986 = ORIENTED_EDGE('',*,*,#1987,.T.);
#1987 = EDGE_CURVE('',#916,#1988,#1990,.T.);
#1988 = VERTEX_POINT('',#1989);
#1989 = CARTESIAN_POINT('',(15.134900609446,-9.977468911693,-0.508));
#1990 = LINE('',#1991,#1992);
#1991 = CARTESIAN_POINT('',(12.870067276112,-7.712635578359,
    1.756833333333));
#1992 = VECTOR('',#1993,1.);
#1993 = DIRECTION('',(-0.57735026919,0.57735026919,0.57735026919));
#1994 = ORIENTED_EDGE('',*,*,#1995,.F.);
#1995 = EDGE_CURVE('',#1979,#1988,#1996,.T.);
#1996 = LINE('',#1997,#1998);
#1997 = CARTESIAN_POINT('',(15.134900609446,7.675531088307,-0.508));
#1998 = VECTOR('',#1999,1.);
#1999 = DIRECTION('',(0.,-1.,0.));
#2000 = PLANE('',#2001);
#2001 = AXIS2_PLACEMENT_3D('',#2002,#2003,#2004);
#2002 = CARTESIAN_POINT('',(16.150900609446,7.675531088307,-1.524));
#2003 = DIRECTION('',(-0.707106781187,2.887887922784E-17,-0.707106781187
    ));
#2004 = DIRECTION('',(-2.042045133508E-17,-1.,-2.042045133508E-17));
#2005 = ADVANCED_FACE('',(#2006),#2024,.T.);
#2006 = FACE_BOUND('',#2007,.T.);
#2007 = EDGE_LOOP('',(#2008,#2016,#2017,#2018));
#2008 = ORIENTED_EDGE('',*,*,#2009,.F.);
#2009 = EDGE_CURVE('',#932,#2010,#2012,.T.);
#2010 = VERTEX_POINT('',#2011);
#2011 = CARTESIAN_POINT('',(-11.91609939055,7.675531088307,-0.508));
#2012 = LINE('',#2013,#2014);
#2013 = CARTESIAN_POINT('',(-9.651266057221,5.410697754974,
    1.756833333333));
#2014 = VECTOR('',#2015,1.);
#2015 = DIRECTION('',(0.57735026919,-0.57735026919,0.57735026919));
#2016 = ORIENTED_EDGE('',*,*,#939,.T.);
#2017 = ORIENTED_EDGE('',*,*,#1978,.T.);
#2018 = ORIENTED_EDGE('',*,*,#2019,.F.);
#2019 = EDGE_CURVE('',#2010,#1979,#2020,.T.);
#2020 = LINE('',#2021,#2022);
#2021 = CARTESIAN_POINT('',(-11.91609939055,7.675531088307,-0.508));
#2022 = VECTOR('',#2023,1.);
#2023 = DIRECTION('',(1.,0.,0.));
#2024 = PLANE('',#2025);
#2025 = AXIS2_PLACEMENT_3D('',#2026,#2027,#2028);
#2026 = CARTESIAN_POINT('',(-11.91609939055,8.691531088307,-1.524));
#2027 = DIRECTION('',(-2.887887922784E-17,-0.707106781187,
    -0.707106781187));
#2028 = DIRECTION('',(1.,-2.042045133508E-17,-2.042045133508E-17));
#2029 = ADVANCED_FACE('',(#2030),#2048,.T.);
#2030 = FACE_BOUND('',#2031,.T.);
#2031 = EDGE_LOOP('',(#2032,#2033,#2034,#2042));
#2032 = ORIENTED_EDGE('',*,*,#1987,.F.);
#2033 = ORIENTED_EDGE('',*,*,#923,.T.);
#2034 = ORIENTED_EDGE('',*,*,#2035,.T.);
#2035 = EDGE_CURVE('',#924,#2036,#2038,.T.);
#2036 = VERTEX_POINT('',#2037);
#2037 = CARTESIAN_POINT('',(-11.91609939055,-9.977468911693,-0.508));
#2038 = LINE('',#2039,#2040);
#2039 = CARTESIAN_POINT('',(-8.084932723888,-6.146302245026,
    3.323166666667));
#2040 = VECTOR('',#2041,1.);
#2041 = DIRECTION('',(0.57735026919,0.57735026919,0.57735026919));
#2042 = ORIENTED_EDGE('',*,*,#2043,.F.);
#2043 = EDGE_CURVE('',#1988,#2036,#2044,.T.);
#2044 = LINE('',#2045,#2046);
#2045 = CARTESIAN_POINT('',(15.134900609446,-9.977468911693,-0.508));
#2046 = VECTOR('',#2047,1.);
#2047 = DIRECTION('',(-1.,0.,0.));
#2048 = PLANE('',#2049);
#2049 = AXIS2_PLACEMENT_3D('',#2050,#2051,#2052);
#2050 = CARTESIAN_POINT('',(15.134900609446,-10.99346891169,-1.524));
#2051 = DIRECTION('',(2.887887922784E-17,0.707106781187,-0.707106781187)
  );
#2052 = DIRECTION('',(-1.,2.042045133508E-17,-2.042045133508E-17));
#2053 = ADVANCED_FACE('',(#2054),#2065,.T.);
#2054 = FACE_BOUND('',#2055,.T.);
#2055 = EDGE_LOOP('',(#2056,#2057,#2058,#2059));
#2056 = ORIENTED_EDGE('',*,*,#2035,.F.);
#2057 = ORIENTED_EDGE('',*,*,#931,.T.);
#2058 = ORIENTED_EDGE('',*,*,#2009,.T.);
#2059 = ORIENTED_EDGE('',*,*,#2060,.F.);
#2060 = EDGE_CURVE('',#2036,#2010,#2061,.T.);
#2061 = LINE('',#2062,#2063);
#2062 = CARTESIAN_POINT('',(-11.91609939055,-9.977468911693,-0.508));
#2063 = VECTOR('',#2064,1.);
#2064 = DIRECTION('',(0.,1.,0.));
#2065 = PLANE('',#2066);
#2066 = AXIS2_PLACEMENT_3D('',#2067,#2068,#2069);
#2067 = CARTESIAN_POINT('',(-12.93209939055,-9.977468911693,-1.524));
#2068 = DIRECTION('',(0.707106781187,0.,-0.707106781187));
#2069 = DIRECTION('',(0.,1.,0.));
#2070 = ADVANCED_FACE('',(#2071,#2081),#2091,.F.);
#2071 = FACE_BOUND('',#2072,.F.);
#2072 = EDGE_LOOP('',(#2073,#2074,#2075,#2076,#2077,#2078,#2079,#2080));
#2073 = ORIENTED_EDGE('',*,*,#988,.F.);
#2074 = ORIENTED_EDGE('',*,*,#1160,.F.);
#2075 = ORIENTED_EDGE('',*,*,#1135,.F.);
#2076 = ORIENTED_EDGE('',*,*,#1111,.F.);
#2077 = ORIENTED_EDGE('',*,*,#1086,.F.);
#2078 = ORIENTED_EDGE('',*,*,#1062,.F.);
#2079 = ORIENTED_EDGE('',*,*,#1037,.F.);
#2080 = ORIENTED_EDGE('',*,*,#1013,.F.);
#2081 = FACE_BOUND('',#2082,.F.);
#2082 = EDGE_LOOP('',(#2083,#2084,#2085,#2086,#2087,#2088,#2089,#2090));
#2083 = ORIENTED_EDGE('',*,*,#1821,.F.);
#2084 = ORIENTED_EDGE('',*,*,#1838,.T.);
#2085 = ORIENTED_EDGE('',*,*,#1863,.F.);
#2086 = ORIENTED_EDGE('',*,*,#1887,.T.);
#2087 = ORIENTED_EDGE('',*,*,#1912,.F.);
#2088 = ORIENTED_EDGE('',*,*,#1936,.T.);
#2089 = ORIENTED_EDGE('',*,*,#1961,.F.);
#2090 = ORIENTED_EDGE('',*,*,#1782,.T.);
#2091 = PLANE('',#2092);
#2092 = AXIS2_PLACEMENT_3D('',#2093,#2094,#2095);
#2093 = CARTESIAN_POINT('',(-31.34816341429,2.169547728183E-16,3.8735));
#2094 = DIRECTION('',(1.,0.,0.));
#2095 = DIRECTION('',(0.,0.,1.));
#2096 = ADVANCED_FACE('',(#2097),#2113,.F.);
#2097 = FACE_BOUND('',#2098,.F.);
#2098 = EDGE_LOOP('',(#2099,#2105,#2106,#2112));
#2099 = ORIENTED_EDGE('',*,*,#2100,.F.);
#2100 = EDGE_CURVE('',#2036,#1241,#2101,.T.);
#2101 = LINE('',#2102,#2103);
#2102 = CARTESIAN_POINT('',(-11.91609939055,-9.977468911693,-2.54));
#2103 = VECTOR('',#2104,1.);
#2104 = DIRECTION('',(0.,0.,1.));
#2105 = ORIENTED_EDGE('',*,*,#2043,.F.);
#2106 = ORIENTED_EDGE('',*,*,#2107,.T.);
#2107 = EDGE_CURVE('',#1988,#1239,#2108,.T.);
#2108 = LINE('',#2109,#2110);
#2109 = CARTESIAN_POINT('',(15.134900609446,-9.977468911693,-2.54));
#2110 = VECTOR('',#2111,1.);
#2111 = DIRECTION('',(0.,0.,1.));
#2112 = ORIENTED_EDGE('',*,*,#1238,.T.);
#2113 = PLANE('',#2114);
#2114 = AXIS2_PLACEMENT_3D('',#2115,#2116,#2117);
#2115 = CARTESIAN_POINT('',(15.134900609446,-9.977468911693,-2.54));
#2116 = DIRECTION('',(0.,-1.,0.));
#2117 = DIRECTION('',(-1.,0.,0.));
#2118 = ADVANCED_FACE('',(#2119),#2130,.F.);
#2119 = FACE_BOUND('',#2120,.F.);
#2120 = EDGE_LOOP('',(#2121,#2122,#2123,#2129));
#2121 = ORIENTED_EDGE('',*,*,#2107,.F.);
#2122 = ORIENTED_EDGE('',*,*,#1995,.F.);
#2123 = ORIENTED_EDGE('',*,*,#2124,.T.);
#2124 = EDGE_CURVE('',#1979,#1257,#2125,.T.);
#2125 = LINE('',#2126,#2127);
#2126 = CARTESIAN_POINT('',(15.134900609446,7.675531088307,-2.54));
#2127 = VECTOR('',#2128,1.);
#2128 = DIRECTION('',(0.,0.,1.));
#2129 = ORIENTED_EDGE('',*,*,#1264,.T.);
#2130 = PLANE('',#2131);
#2131 = AXIS2_PLACEMENT_3D('',#2132,#2133,#2134);
#2132 = CARTESIAN_POINT('',(15.134900609446,7.675531088307,-2.54));
#2133 = DIRECTION('',(1.,0.,0.));
#2134 = DIRECTION('',(0.,-1.,0.));
#2135 = ADVANCED_FACE('',(#2136),#2147,.F.);
#2136 = FACE_BOUND('',#2137,.F.);
#2137 = EDGE_LOOP('',(#2138,#2144,#2145,#2146));
#2138 = ORIENTED_EDGE('',*,*,#2139,.F.);
#2139 = EDGE_CURVE('',#2010,#1249,#2140,.T.);
#2140 = LINE('',#2141,#2142);
#2141 = CARTESIAN_POINT('',(-11.91609939055,7.675531088307,-2.54));
#2142 = VECTOR('',#2143,1.);
#2143 = DIRECTION('',(0.,0.,1.));
#2144 = ORIENTED_EDGE('',*,*,#2060,.F.);
#2145 = ORIENTED_EDGE('',*,*,#2100,.T.);
#2146 = ORIENTED_EDGE('',*,*,#1248,.T.);
#2147 = PLANE('',#2148);
#2148 = AXIS2_PLACEMENT_3D('',#2149,#2150,#2151);
#2149 = CARTESIAN_POINT('',(-11.91609939055,-9.977468911693,-2.54));
#2150 = DIRECTION('',(-1.,0.,0.));
#2151 = DIRECTION('',(0.,1.,0.));
#2152 = ADVANCED_FACE('',(#2153),#2159,.F.);
#2153 = FACE_BOUND('',#2154,.F.);
#2154 = EDGE_LOOP('',(#2155,#2156,#2157,#2158));
#2155 = ORIENTED_EDGE('',*,*,#2124,.F.);
#2156 = ORIENTED_EDGE('',*,*,#2019,.F.);
#2157 = ORIENTED_EDGE('',*,*,#2139,.T.);
#2158 = ORIENTED_EDGE('',*,*,#1256,.T.);
#2159 = PLANE('',#2160);
#2160 = AXIS2_PLACEMENT_3D('',#2161,#2162,#2163);
#2161 = CARTESIAN_POINT('',(-11.91609939055,7.675531088307,-2.54));
#2162 = DIRECTION('',(0.,1.,0.));
#2163 = DIRECTION('',(1.,0.,0.));
#2164 = ADVANCED_FACE('',(#2165),#2184,.F.);
#2165 = FACE_BOUND('',#2166,.F.);
#2166 = EDGE_LOOP('',(#2167,#2175,#2182,#2183));
#2167 = ORIENTED_EDGE('',*,*,#2168,.T.);
#2168 = EDGE_CURVE('',#1331,#2169,#2171,.T.);
#2169 = VERTEX_POINT('',#2170);
#2170 = CARTESIAN_POINT('',(-22.35345393815,-43.438538,3.556));
#2171 = LINE('',#2172,#2173);
#2172 = CARTESIAN_POINT('',(-22.35345393815,-43.438538,22.606));
#2173 = VECTOR('',#2174,1.);
#2174 = DIRECTION('',(-0.,-0.,-1.));
#2175 = ORIENTED_EDGE('',*,*,#2176,.T.);
#2176 = EDGE_CURVE('',#2169,#2169,#2177,.T.);
#2177 = CIRCLE('',#2178,2.7559);
#2178 = AXIS2_PLACEMENT_3D('',#2179,#2180,#2181);
#2179 = CARTESIAN_POINT('',(-25.10935393815,-43.438538,3.556));
#2180 = DIRECTION('',(0.,0.,1.));
#2181 = DIRECTION('',(1.,0.,0.));
#2182 = ORIENTED_EDGE('',*,*,#2168,.F.);
#2183 = ORIENTED_EDGE('',*,*,#1330,.F.);
#2184 = CYLINDRICAL_SURFACE('',#2185,2.7559);
#2185 = AXIS2_PLACEMENT_3D('',#2186,#2187,#2188);
#2186 = CARTESIAN_POINT('',(-25.10935393815,-43.438538,22.606));
#2187 = DIRECTION('',(0.,0.,1.));
#2188 = DIRECTION('',(1.,0.,0.));
#2189 = ADVANCED_FACE('',(#2190),#2209,.F.);
#2190 = FACE_BOUND('',#2191,.F.);
#2191 = EDGE_LOOP('',(#2192,#2200,#2207,#2208));
#2192 = ORIENTED_EDGE('',*,*,#2193,.T.);
#2193 = EDGE_CURVE('',#1367,#2194,#2196,.T.);
#2194 = VERTEX_POINT('',#2195);
#2195 = CARTESIAN_POINT('',(24.496163,-43.438538,3.556));
#2196 = LINE('',#2197,#2198);
#2197 = CARTESIAN_POINT('',(24.496163,-43.438538,22.606));
#2198 = VECTOR('',#2199,1.);
#2199 = DIRECTION('',(-0.,-0.,-1.));
#2200 = ORIENTED_EDGE('',*,*,#2201,.T.);
#2201 = EDGE_CURVE('',#2194,#2194,#2202,.T.);
#2202 = CIRCLE('',#2203,2.7559);
#2203 = AXIS2_PLACEMENT_3D('',#2204,#2205,#2206);
#2204 = CARTESIAN_POINT('',(21.740263,-43.438538,3.556));
#2205 = DIRECTION('',(0.,0.,1.));
#2206 = DIRECTION('',(1.,0.,0.));
#2207 = ORIENTED_EDGE('',*,*,#2193,.F.);
#2208 = ORIENTED_EDGE('',*,*,#1366,.F.);
#2209 = CYLINDRICAL_SURFACE('',#2210,2.7559);
#2210 = AXIS2_PLACEMENT_3D('',#2211,#2212,#2213);
#2211 = CARTESIAN_POINT('',(21.740263,-43.438538,22.606));
#2212 = DIRECTION('',(0.,0.,1.));
#2213 = DIRECTION('',(1.,0.,0.));
#2214 = ADVANCED_FACE('',(#2215),#2234,.F.);
#2215 = FACE_BOUND('',#2216,.F.);
#2216 = EDGE_LOOP('',(#2217,#2225,#2232,#2233));
#2217 = ORIENTED_EDGE('',*,*,#2218,.T.);
#2218 = EDGE_CURVE('',#1445,#2219,#2221,.T.);
#2219 = VERTEX_POINT('',#2220);
#2220 = CARTESIAN_POINT('',(23.288300609446,-33.2105,1.524));
#2221 = LINE('',#2222,#2223);
#2222 = CARTESIAN_POINT('',(23.288300609446,-33.2105,11.684));
#2223 = VECTOR('',#2224,1.);
#2224 = DIRECTION('',(-0.,-0.,-1.));
#2225 = ORIENTED_EDGE('',*,*,#2226,.T.);
#2226 = EDGE_CURVE('',#2219,#2219,#2227,.T.);
#2227 = CIRCLE('',#2228,2.1844);
#2228 = AXIS2_PLACEMENT_3D('',#2229,#2230,#2231);
#2229 = CARTESIAN_POINT('',(21.103900609446,-33.2105,1.524));
#2230 = DIRECTION('',(0.,0.,1.));
#2231 = DIRECTION('',(1.,0.,0.));
#2232 = ORIENTED_EDGE('',*,*,#2218,.F.);
#2233 = ORIENTED_EDGE('',*,*,#1444,.F.);
#2234 = CYLINDRICAL_SURFACE('',#2235,2.1844);
#2235 = AXIS2_PLACEMENT_3D('',#2236,#2237,#2238);
#2236 = CARTESIAN_POINT('',(21.103900609446,-33.2105,11.684));
#2237 = DIRECTION('',(0.,0.,1.));
#2238 = DIRECTION('',(1.,0.,0.));
#2239 = ADVANCED_FACE('',(#2240),#2259,.F.);
#2240 = FACE_BOUND('',#2241,.F.);
#2241 = EDGE_LOOP('',(#2242,#2250,#2257,#2258));
#2242 = ORIENTED_EDGE('',*,*,#2243,.T.);
#2243 = EDGE_CURVE('',#1493,#2244,#2246,.T.);
#2244 = VERTEX_POINT('',#2245);
#2245 = CARTESIAN_POINT('',(24.496163,43.102746603913,3.556));
#2246 = LINE('',#2247,#2248);
#2247 = CARTESIAN_POINT('',(24.496163,43.102746603913,22.606));
#2248 = VECTOR('',#2249,1.);
#2249 = DIRECTION('',(-0.,-0.,-1.));
#2250 = ORIENTED_EDGE('',*,*,#2251,.T.);
#2251 = EDGE_CURVE('',#2244,#2244,#2252,.T.);
#2252 = CIRCLE('',#2253,2.7559);
#2253 = AXIS2_PLACEMENT_3D('',#2254,#2255,#2256);
#2254 = CARTESIAN_POINT('',(21.740263,43.102746603913,3.556));
#2255 = DIRECTION('',(0.,0.,1.));
#2256 = DIRECTION('',(1.,0.,0.));
#2257 = ORIENTED_EDGE('',*,*,#2243,.F.);
#2258 = ORIENTED_EDGE('',*,*,#1492,.F.);
#2259 = CYLINDRICAL_SURFACE('',#2260,2.7559);
#2260 = AXIS2_PLACEMENT_3D('',#2261,#2262,#2263);
#2261 = CARTESIAN_POINT('',(21.740263,43.102746603913,22.606));
#2262 = DIRECTION('',(0.,0.,1.));
#2263 = DIRECTION('',(1.,0.,0.));
#2264 = ADVANCED_FACE('',(#2265),#2284,.F.);
#2265 = FACE_BOUND('',#2266,.F.);
#2266 = EDGE_LOOP('',(#2267,#2275,#2282,#2283));
#2267 = ORIENTED_EDGE('',*,*,#2268,.T.);
#2268 = EDGE_CURVE('',#1552,#2269,#2271,.T.);
#2269 = VERTEX_POINT('',#2270);
#2270 = CARTESIAN_POINT('',(23.288300609446,33.2105,1.524));
#2271 = LINE('',#2272,#2273);
#2272 = CARTESIAN_POINT('',(23.288300609446,33.2105,11.684));
#2273 = VECTOR('',#2274,1.);
#2274 = DIRECTION('',(-0.,-0.,-1.));
#2275 = ORIENTED_EDGE('',*,*,#2276,.T.);
#2276 = EDGE_CURVE('',#2269,#2269,#2277,.T.);
#2277 = CIRCLE('',#2278,2.1844);
#2278 = AXIS2_PLACEMENT_3D('',#2279,#2280,#2281);
#2279 = CARTESIAN_POINT('',(21.103900609446,33.2105,1.524));
#2280 = DIRECTION('',(0.,0.,1.));
#2281 = DIRECTION('',(1.,0.,0.));
#2282 = ORIENTED_EDGE('',*,*,#2268,.F.);
#2283 = ORIENTED_EDGE('',*,*,#1551,.F.);
#2284 = CYLINDRICAL_SURFACE('',#2285,2.1844);
#2285 = AXIS2_PLACEMENT_3D('',#2286,#2287,#2288);
#2286 = CARTESIAN_POINT('',(21.103900609446,33.2105,11.684));
#2287 = DIRECTION('',(0.,0.,1.));
#2288 = DIRECTION('',(1.,0.,0.));
#2289 = ADVANCED_FACE('',(#2290),#2309,.F.);
#2290 = FACE_BOUND('',#2291,.F.);
#2291 = EDGE_LOOP('',(#2292,#2300,#2307,#2308));
#2292 = ORIENTED_EDGE('',*,*,#2293,.T.);
#2293 = EDGE_CURVE('',#1619,#2294,#2296,.T.);
#2294 = VERTEX_POINT('',#2295);
#2295 = CARTESIAN_POINT('',(-22.35345393815,43.102746603913,3.556));
#2296 = LINE('',#2297,#2298);
#2297 = CARTESIAN_POINT('',(-22.35345393815,43.102746603913,22.606));
#2298 = VECTOR('',#2299,1.);
#2299 = DIRECTION('',(-0.,-0.,-1.));
#2300 = ORIENTED_EDGE('',*,*,#2301,.T.);
#2301 = EDGE_CURVE('',#2294,#2294,#2302,.T.);
#2302 = CIRCLE('',#2303,2.7559);
#2303 = AXIS2_PLACEMENT_3D('',#2304,#2305,#2306);
#2304 = CARTESIAN_POINT('',(-25.10935393815,43.102746603913,3.556));
#2305 = DIRECTION('',(0.,0.,1.));
#2306 = DIRECTION('',(1.,0.,0.));
#2307 = ORIENTED_EDGE('',*,*,#2293,.F.);
#2308 = ORIENTED_EDGE('',*,*,#1618,.F.);
#2309 = CYLINDRICAL_SURFACE('',#2310,2.7559);
#2310 = AXIS2_PLACEMENT_3D('',#2311,#2312,#2313);
#2311 = CARTESIAN_POINT('',(-25.10935393815,43.102746603913,22.606));
#2312 = DIRECTION('',(0.,0.,1.));
#2313 = DIRECTION('',(1.,0.,0.));
#2314 = ADVANCED_FACE('',(#2315),#2334,.F.);
#2315 = FACE_BOUND('',#2316,.F.);
#2316 = EDGE_LOOP('',(#2317,#2325,#2332,#2333));
#2317 = ORIENTED_EDGE('',*,*,#2318,.T.);
#2318 = EDGE_CURVE('',#1697,#2319,#2321,.T.);
#2319 = VERTEX_POINT('',#2320);
#2320 = CARTESIAN_POINT('',(-23.06669939055,33.2105,1.524));
#2321 = LINE('',#2322,#2323);
#2322 = CARTESIAN_POINT('',(-23.06669939055,33.2105,11.684));
#2323 = VECTOR('',#2324,1.);
#2324 = DIRECTION('',(-0.,-0.,-1.));
#2325 = ORIENTED_EDGE('',*,*,#2326,.T.);
#2326 = EDGE_CURVE('',#2319,#2319,#2327,.T.);
#2327 = CIRCLE('',#2328,2.1844);
#2328 = AXIS2_PLACEMENT_3D('',#2329,#2330,#2331);
#2329 = CARTESIAN_POINT('',(-25.25109939055,33.2105,1.524));
#2330 = DIRECTION('',(0.,0.,1.));
#2331 = DIRECTION('',(1.,0.,0.));
#2332 = ORIENTED_EDGE('',*,*,#2318,.F.);
#2333 = ORIENTED_EDGE('',*,*,#1696,.F.);
#2334 = CYLINDRICAL_SURFACE('',#2335,2.1844);
#2335 = AXIS2_PLACEMENT_3D('',#2336,#2337,#2338);
#2336 = CARTESIAN_POINT('',(-25.25109939055,33.2105,11.684));
#2337 = DIRECTION('',(0.,0.,1.));
#2338 = DIRECTION('',(1.,0.,0.));
#2339 = ADVANCED_FACE('',(#2340),#2359,.F.);
#2340 = FACE_BOUND('',#2341,.F.);
#2341 = EDGE_LOOP('',(#2342,#2350,#2357,#2358));
#2342 = ORIENTED_EDGE('',*,*,#2343,.T.);
#2343 = EDGE_CURVE('',#1754,#2344,#2346,.T.);
#2344 = VERTEX_POINT('',#2345);
#2345 = CARTESIAN_POINT('',(-23.06669939055,-33.2105,1.524));
#2346 = LINE('',#2347,#2348);
#2347 = CARTESIAN_POINT('',(-23.06669939055,-33.2105,11.684));
#2348 = VECTOR('',#2349,1.);
#2349 = DIRECTION('',(-0.,-0.,-1.));
#2350 = ORIENTED_EDGE('',*,*,#2351,.T.);
#2351 = EDGE_CURVE('',#2344,#2344,#2352,.T.);
#2352 = CIRCLE('',#2353,2.1844);
#2353 = AXIS2_PLACEMENT_3D('',#2354,#2355,#2356);
#2354 = CARTESIAN_POINT('',(-25.25109939055,-33.2105,1.524));
#2355 = DIRECTION('',(0.,0.,1.));
#2356 = DIRECTION('',(1.,0.,0.));
#2357 = ORIENTED_EDGE('',*,*,#2343,.F.);
#2358 = ORIENTED_EDGE('',*,*,#1753,.F.);
#2359 = CYLINDRICAL_SURFACE('',#2360,2.1844);
#2360 = AXIS2_PLACEMENT_3D('',#2361,#2362,#2363);
#2361 = CARTESIAN_POINT('',(-25.25109939055,-33.2105,11.684));
#2362 = DIRECTION('',(0.,0.,1.));
#2363 = DIRECTION('',(1.,0.,0.));
#2364 = ADVANCED_FACE('',(#2365),#2368,.T.);
#2365 = FACE_BOUND('',#2366,.T.);
#2366 = EDGE_LOOP('',(#2367));
#2367 = ORIENTED_EDGE('',*,*,#2176,.T.);
#2368 = PLANE('',#2369);
#2369 = AXIS2_PLACEMENT_3D('',#2370,#2371,#2372);
#2370 = CARTESIAN_POINT('',(-1.684545469077,-0.167895698044,3.556));
#2371 = DIRECTION('',(0.,0.,1.));
#2372 = DIRECTION('',(1.,0.,0.));
#2373 = ADVANCED_FACE('',(#2374),#2377,.T.);
#2374 = FACE_BOUND('',#2375,.T.);
#2375 = EDGE_LOOP('',(#2376));
#2376 = ORIENTED_EDGE('',*,*,#2201,.T.);
#2377 = PLANE('',#2378);
#2378 = AXIS2_PLACEMENT_3D('',#2379,#2380,#2381);
#2379 = CARTESIAN_POINT('',(-1.684545469077,-0.167895698044,3.556));
#2380 = DIRECTION('',(0.,0.,1.));
#2381 = DIRECTION('',(1.,0.,0.));
#2382 = ADVANCED_FACE('',(#2383),#2386,.T.);
#2383 = FACE_BOUND('',#2384,.T.);
#2384 = EDGE_LOOP('',(#2385));
#2385 = ORIENTED_EDGE('',*,*,#2226,.T.);
#2386 = PLANE('',#2387);
#2387 = AXIS2_PLACEMENT_3D('',#2388,#2389,#2390);
#2388 = CARTESIAN_POINT('',(-2.073599390554,-2.347509841157E-15,1.524));
#2389 = DIRECTION('',(0.,0.,1.));
#2390 = DIRECTION('',(1.,0.,0.));
#2391 = ADVANCED_FACE('',(#2392),#2395,.T.);
#2392 = FACE_BOUND('',#2393,.T.);
#2393 = EDGE_LOOP('',(#2394));
#2394 = ORIENTED_EDGE('',*,*,#2251,.T.);
#2395 = PLANE('',#2396);
#2396 = AXIS2_PLACEMENT_3D('',#2397,#2398,#2399);
#2397 = CARTESIAN_POINT('',(-1.684545469077,-0.167895698044,3.556));
#2398 = DIRECTION('',(0.,0.,1.));
#2399 = DIRECTION('',(1.,0.,0.));
#2400 = ADVANCED_FACE('',(#2401),#2404,.T.);
#2401 = FACE_BOUND('',#2402,.T.);
#2402 = EDGE_LOOP('',(#2403));
#2403 = ORIENTED_EDGE('',*,*,#2276,.T.);
#2404 = PLANE('',#2405);
#2405 = AXIS2_PLACEMENT_3D('',#2406,#2407,#2408);
#2406 = CARTESIAN_POINT('',(-2.073599390554,-2.347509841157E-15,1.524));
#2407 = DIRECTION('',(0.,0.,1.));
#2408 = DIRECTION('',(1.,0.,0.));
#2409 = ADVANCED_FACE('',(#2410),#2413,.T.);
#2410 = FACE_BOUND('',#2411,.T.);
#2411 = EDGE_LOOP('',(#2412));
#2412 = ORIENTED_EDGE('',*,*,#2301,.T.);
#2413 = PLANE('',#2414);
#2414 = AXIS2_PLACEMENT_3D('',#2415,#2416,#2417);
#2415 = CARTESIAN_POINT('',(-1.684545469077,-0.167895698044,3.556));
#2416 = DIRECTION('',(0.,0.,1.));
#2417 = DIRECTION('',(1.,0.,0.));
#2418 = ADVANCED_FACE('',(#2419),#2422,.T.);
#2419 = FACE_BOUND('',#2420,.T.);
#2420 = EDGE_LOOP('',(#2421));
#2421 = ORIENTED_EDGE('',*,*,#2326,.T.);
#2422 = PLANE('',#2423);
#2423 = AXIS2_PLACEMENT_3D('',#2424,#2425,#2426);
#2424 = CARTESIAN_POINT('',(-2.073599390554,-2.347509841157E-15,1.524));
#2425 = DIRECTION('',(0.,0.,1.));
#2426 = DIRECTION('',(1.,0.,0.));
#2427 = ADVANCED_FACE('',(#2428),#2431,.T.);
#2428 = FACE_BOUND('',#2429,.T.);
#2429 = EDGE_LOOP('',(#2430));
#2430 = ORIENTED_EDGE('',*,*,#2351,.T.);
#2431 = PLANE('',#2432);
#2432 = AXIS2_PLACEMENT_3D('',#2433,#2434,#2435);
#2433 = CARTESIAN_POINT('',(-2.073599390554,-2.347509841157E-15,1.524));
#2434 = DIRECTION('',(0.,0.,1.));
#2435 = DIRECTION('',(1.,0.,0.));
#2436 = ( GEOMETRIC_REPRESENTATION_CONTEXT(3) 
GLOBAL_UNCERTAINTY_ASSIGNED_CONTEXT((#2440)) 
GLOBAL_UNIT_ASSIGNED_CONTEXT((#2437,#2438,#2439)) REPRESENTATION_CONTEXT
('Context #1','3D Context with UNIT and UNCERTAINTY') );
#2437 = ( LENGTH_UNIT() NAMED_UNIT(*) SI_UNIT(.MILLI.,.METRE.) );
#2438 = ( NAMED_UNIT(*) PLANE_ANGLE_UNIT() SI_UNIT($,.RADIAN.) );
#2439 = ( NAMED_UNIT(*) SI_UNIT($,.STERADIAN.) SOLID_ANGLE_UNIT() );
#2440 = UNCERTAINTY_MEASURE_WITH_UNIT(LENGTH_MEASURE(1.E-05),#2437,
  'distance_accuracy_value','confusion accuracy');
#2441 = PRODUCT_RELATED_PRODUCT_CATEGORY('part',$,(#7));
#2442 = MECHANICAL_DESIGN_GEOMETRIC_PRESENTATION_REPRESENTATION('',(
    #2443),#2436);
#2443 = STYLED_ITEM('color',(#2444),#15);
#2444 = PRESENTATION_STYLE_ASSIGNMENT((#2445,#2453));
#2445 = SURFACE_STYLE_USAGE(.BOTH.,#2446);
#2446 = SURFACE_SIDE_STYLE('',(#2447,#2451));
#2447 = SURFACE_STYLE_FILL_AREA(#2448);
#2448 = FILL_AREA_STYLE('',(#2449));
#2449 = FILL_AREA_STYLE_COLOUR('',#2450);
#2450 = COLOUR_RGB('',0.678431390124,0.709803936702,0.741176476869);
#2451 = SURFACE_STYLE_RENDERING_WITH_PROPERTIES(.NORMAL_SHADING.,#2450,(
    #2452));
#2452 = SURFACE_STYLE_TRANSPARENT(0.699999988079);
#2453 = CURVE_STYLE('',#2454,POSITIVE_LENGTH_MEASURE(0.1),#2455);
#2454 = DRAUGHTING_PRE_DEFINED_CURVE_FONT('continuous');
#2455 = COLOUR_RGB('',9.803921802644E-02,9.803921802644E-02,
  9.803921802644E-02);
ENDSEC;
END-ISO-10303-21;
