ISO-10303-21;
HEADER;
FILE_DESCRIPTION(('FreeCAD Model'),'2;1');
FILE_NAME('Open CASCADE Shape Model','2026-09-03T16:57:44',(''),(''),
  'Open CASCADE STEP processor 7.8','FreeCAD','Unknown');
FILE_SCHEMA(('AUTOMOTIVE_DESIGN { 1 0 10303 214 1 1 1 1 }'));
ENDSEC;
DATA;
#1 = APPLICATION_PROTOCOL_DEFINITION('international standard',
  'automotive_design',2000,#2);
#2 = APPLICATION_CONTEXT(
  'core data for automotive mechanical design processes');
#3 = SHAPE_DEFINITION_REPRESENTATION(#4,#10);
#4 = PRODUCT_DEFINITION_SHAPE('','',#5);
#5 = PRODUCT_DEFINITION('design','',#6,#9);
#6 = PRODUCT_DEFINITION_FORMATION('','',#7);
#7 = PRODUCT('Back with Fan','Back with Fan','',(#8));
#8 = PRODUCT_CONTEXT('',#2,'mechanical');
#9 = PRODUCT_DEFINITION_CONTEXT('part definition',#2,'design');
#10 = ADVANCED_BREP_SHAPE_REPRESENTATION('',(#11,#15),#3260);
#11 = AXIS2_PLACEMENT_3D('',#12,#13,#14);
#12 = CARTESIAN_POINT('',(0.,0.,0.));
#13 = DIRECTION('',(0.,0.,1.));
#14 = DIRECTION('',(1.,0.,-0.));
#15 = MANIFOLD_SOLID_BREP('',#16);
#16 = CLOSED_SHELL('',(#17,#259,#290,#315,#350,#375,#399,#424,#459,#477,
    #508,#539,#570,#595,#619,#661,#692,#723,#754,#779,#803,#834,#865,
    #890,#914,#945,#976,#1018,#1049,#1067,#1459,#1476,#1493,#1525,#1554,
    #1586,#1829,#1858,#1871,#1913,#1930,#1949,#1981,#2166,#2195,#2208,
    #2233,#2262,#2275,#2288,#2313,#2335,#2352,#2369,#2381,#2403,#2420,
    #2437,#2449,#2471,#2488,#2505,#2517,#2539,#2556,#2573,#2585,#2607,
    #2624,#2641,#2653,#2678,#2695,#2717,#2734,#2751,#2763,#2780,#2805,
    #2827,#2844,#2861,#2873,#2890,#2912,#2929,#2946,#2958,#2975,#3000,
    #3024,#3059,#3083,#3111,#3135,#3147,#3171,#3195,#3207,#3219,#3231,
    #3243));
#17 = ADVANCED_FACE('',(#18,#88),#254,.F.);
#18 = FACE_BOUND('',#19,.F.);
#19 = EDGE_LOOP('',(#20,#30,#39,#47,#56,#64,#73,#81));
#20 = ORIENTED_EDGE('',*,*,#21,.T.);
#21 = EDGE_CURVE('',#22,#24,#26,.T.);
#22 = VERTEX_POINT('',#23);
#23 = CARTESIAN_POINT('',(-24.99816341429,-50.8,25.4));
#24 = VERTEX_POINT('',#25);
#25 = CARTESIAN_POINT('',(23.261836585707,-50.8,25.4));
#26 = LINE('',#27,#28);
#27 = CARTESIAN_POINT('',(-24.99816341429,-50.8,25.4));
#28 = VECTOR('',#29,1.);
#29 = DIRECTION('',(1.,0.,0.));
#30 = ORIENTED_EDGE('',*,*,#31,.T.);
#31 = EDGE_CURVE('',#24,#32,#34,.T.);
#32 = VERTEX_POINT('',#33);
#33 = CARTESIAN_POINT('',(30.881836585707,-43.18,25.4));
#34 = CIRCLE('',#35,7.62);
#35 = AXIS2_PLACEMENT_3D('',#36,#37,#38);
#36 = CARTESIAN_POINT('',(23.261836585707,-43.18,25.4));
#37 = DIRECTION('',(0.,-0.,1.));
#38 = DIRECTION('',(0.,1.,0.));
#39 = ORIENTED_EDGE('',*,*,#40,.T.);
#40 = EDGE_CURVE('',#32,#41,#43,.T.);
#41 = VERTEX_POINT('',#42);
#42 = CARTESIAN_POINT('',(30.881836585707,43.18,25.4));
#43 = LINE('',#44,#45);
#44 = CARTESIAN_POINT('',(30.881836585707,-43.18,25.4));
#45 = VECTOR('',#46,1.);
#46 = DIRECTION('',(0.,1.,0.));
#47 = ORIENTED_EDGE('',*,*,#48,.T.);
#48 = EDGE_CURVE('',#41,#49,#51,.T.);
#49 = VERTEX_POINT('',#50);
#50 = CARTESIAN_POINT('',(23.261836585707,50.8,25.4));
#51 = CIRCLE('',#52,7.62);
#52 = AXIS2_PLACEMENT_3D('',#53,#54,#55);
#53 = CARTESIAN_POINT('',(23.261836585707,43.18,25.4));
#54 = DIRECTION('',(0.,-0.,1.));
#55 = DIRECTION('',(0.,1.,0.));
#56 = ORIENTED_EDGE('',*,*,#57,.T.);
#57 = EDGE_CURVE('',#49,#58,#60,.T.);
#58 = VERTEX_POINT('',#59);
#59 = CARTESIAN_POINT('',(-24.99816341429,50.8,25.4));
#60 = LINE('',#61,#62);
#61 = CARTESIAN_POINT('',(23.261836585707,50.8,25.4));
#62 = VECTOR('',#63,1.);
#63 = DIRECTION('',(-1.,0.,0.));
#64 = ORIENTED_EDGE('',*,*,#65,.T.);
#65 = EDGE_CURVE('',#58,#66,#68,.T.);
#66 = VERTEX_POINT('',#67);
#67 = CARTESIAN_POINT('',(-32.61816341429,43.18,25.4));
#68 = CIRCLE('',#69,7.62);
#69 = AXIS2_PLACEMENT_3D('',#70,#71,#72);
#70 = CARTESIAN_POINT('',(-24.99816341429,43.18,25.4));
#71 = DIRECTION('',(-0.,0.,1.));
#72 = DIRECTION('',(0.,-1.,0.));
#73 = ORIENTED_EDGE('',*,*,#74,.T.);
#74 = EDGE_CURVE('',#66,#75,#77,.T.);
#75 = VERTEX_POINT('',#76);
#76 = CARTESIAN_POINT('',(-32.61816341429,-43.18,25.4));
#77 = LINE('',#78,#79);
#78 = CARTESIAN_POINT('',(-32.61816341429,43.18,25.4));
#79 = VECTOR('',#80,1.);
#80 = DIRECTION('',(0.,-1.,0.));
#81 = ORIENTED_EDGE('',*,*,#82,.F.);
#82 = EDGE_CURVE('',#22,#75,#83,.T.);
#83 = CIRCLE('',#84,7.62);
#84 = AXIS2_PLACEMENT_3D('',#85,#86,#87);
#85 = CARTESIAN_POINT('',(-24.99816341429,-43.18,25.4));
#86 = DIRECTION('',(-0.,-0.,-1.));
#87 = DIRECTION('',(0.,-1.,0.));
#88 = FACE_BOUND('',#89,.T.);
#89 = EDGE_LOOP('',(#90,#100,#108,#116,#125,#133,#141,#149,#157,#165,
    #174,#182,#190,#198,#207,#215,#223,#231,#239,#247));
#90 = ORIENTED_EDGE('',*,*,#91,.T.);
#91 = EDGE_CURVE('',#92,#94,#96,.T.);
#92 = VERTEX_POINT('',#93);
#93 = CARTESIAN_POINT('',(-24.99816341429,-48.26,25.4));
#94 = VERTEX_POINT('',#95);
#95 = CARTESIAN_POINT('',(-20.2248,-48.26,25.4));
#96 = LINE('',#97,#98);
#97 = CARTESIAN_POINT('',(-24.99816341429,-48.26,25.4));
#98 = VECTOR('',#99,1.);
#99 = DIRECTION('',(1.,0.,0.));
#100 = ORIENTED_EDGE('',*,*,#101,.T.);
#101 = EDGE_CURVE('',#94,#102,#104,.T.);
#102 = VERTEX_POINT('',#103);
#103 = CARTESIAN_POINT('',(16.877439,-48.26,25.4));
#104 = LINE('',#105,#106);
#105 = CARTESIAN_POINT('',(-24.99816341429,-48.26,25.4));
#106 = VECTOR('',#107,1.);
#107 = DIRECTION('',(1.,0.,0.));
#108 = ORIENTED_EDGE('',*,*,#109,.T.);
#109 = EDGE_CURVE('',#102,#110,#112,.T.);
#110 = VERTEX_POINT('',#111);
#111 = CARTESIAN_POINT('',(23.261836585707,-48.26,25.4));
#112 = LINE('',#113,#114);
#113 = CARTESIAN_POINT('',(-24.99816341429,-48.26,25.4));
#114 = VECTOR('',#115,1.);
#115 = DIRECTION('',(1.,0.,0.));
#116 = ORIENTED_EDGE('',*,*,#117,.T.);
#117 = EDGE_CURVE('',#110,#118,#120,.T.);
#118 = VERTEX_POINT('',#119);
#119 = CARTESIAN_POINT('',(28.341836585707,-43.18,25.4));
#120 = CIRCLE('',#121,5.08);
#121 = AXIS2_PLACEMENT_3D('',#122,#123,#124);
#122 = CARTESIAN_POINT('',(23.261836585707,-43.18,25.4));
#123 = DIRECTION('',(-0.,0.,1.));
#124 = DIRECTION('',(0.,-1.,0.));
#125 = ORIENTED_EDGE('',*,*,#126,.T.);
#126 = EDGE_CURVE('',#118,#127,#129,.T.);
#127 = VERTEX_POINT('',#128);
#128 = CARTESIAN_POINT('',(28.341836585707,-38.5895,25.4));
#129 = LINE('',#130,#131);
#130 = CARTESIAN_POINT('',(28.341836585707,-43.18,25.4));
#131 = VECTOR('',#132,1.);
#132 = DIRECTION('',(0.,1.,0.));
#133 = ORIENTED_EDGE('',*,*,#134,.T.);
#134 = EDGE_CURVE('',#127,#135,#137,.T.);
#135 = VERTEX_POINT('',#136);
#136 = CARTESIAN_POINT('',(28.341836585707,-7.333130321881,25.4));
#137 = LINE('',#138,#139);
#138 = CARTESIAN_POINT('',(28.341836585707,-43.18,25.4));
#139 = VECTOR('',#140,1.);
#140 = DIRECTION('',(0.,1.,0.));
#141 = ORIENTED_EDGE('',*,*,#142,.T.);
#142 = EDGE_CURVE('',#135,#143,#145,.T.);
#143 = VERTEX_POINT('',#144);
#144 = CARTESIAN_POINT('',(28.341836585707,-4.793130321881,25.4));
#145 = LINE('',#146,#147);
#146 = CARTESIAN_POINT('',(28.341836585707,-43.18,25.4));
#147 = VECTOR('',#148,1.);
#148 = DIRECTION('',(0.,1.,0.));
#149 = ORIENTED_EDGE('',*,*,#150,.T.);
#150 = EDGE_CURVE('',#143,#151,#153,.T.);
#151 = VERTEX_POINT('',#152);
#152 = CARTESIAN_POINT('',(28.341836585707,38.5895,25.4));
#153 = LINE('',#154,#155);
#154 = CARTESIAN_POINT('',(28.341836585707,-43.18,25.4));
#155 = VECTOR('',#156,1.);
#156 = DIRECTION('',(0.,1.,0.));
#157 = ORIENTED_EDGE('',*,*,#158,.T.);
#158 = EDGE_CURVE('',#151,#159,#161,.T.);
#159 = VERTEX_POINT('',#160);
#160 = CARTESIAN_POINT('',(28.341836585707,43.18,25.4));
#161 = LINE('',#162,#163);
#162 = CARTESIAN_POINT('',(28.341836585707,-43.18,25.4));
#163 = VECTOR('',#164,1.);
#164 = DIRECTION('',(0.,1.,0.));
#165 = ORIENTED_EDGE('',*,*,#166,.T.);
#166 = EDGE_CURVE('',#159,#167,#169,.T.);
#167 = VERTEX_POINT('',#168);
#168 = CARTESIAN_POINT('',(23.261836585707,48.26,25.4));
#169 = CIRCLE('',#170,5.08);
#170 = AXIS2_PLACEMENT_3D('',#171,#172,#173);
#171 = CARTESIAN_POINT('',(23.261836585707,43.18,25.4));
#172 = DIRECTION('',(-0.,0.,1.));
#173 = DIRECTION('',(0.,-1.,0.));
#174 = ORIENTED_EDGE('',*,*,#175,.T.);
#175 = EDGE_CURVE('',#167,#176,#178,.T.);
#176 = VERTEX_POINT('',#177);
#177 = CARTESIAN_POINT('',(16.877439,48.26,25.4));
#178 = LINE('',#179,#180);
#179 = CARTESIAN_POINT('',(23.261836585707,48.26,25.4));
#180 = VECTOR('',#181,1.);
#181 = DIRECTION('',(-1.,0.,0.));
#182 = ORIENTED_EDGE('',*,*,#183,.T.);
#183 = EDGE_CURVE('',#176,#184,#186,.T.);
#184 = VERTEX_POINT('',#185);
#185 = CARTESIAN_POINT('',(-20.2248,48.26,25.4));
#186 = LINE('',#187,#188);
#187 = CARTESIAN_POINT('',(23.261836585707,48.26,25.4));
#188 = VECTOR('',#189,1.);
#189 = DIRECTION('',(-1.,0.,0.));
#190 = ORIENTED_EDGE('',*,*,#191,.T.);
#191 = EDGE_CURVE('',#184,#192,#194,.T.);
#192 = VERTEX_POINT('',#193);
#193 = CARTESIAN_POINT('',(-24.99816341429,48.26,25.4));
#194 = LINE('',#195,#196);
#195 = CARTESIAN_POINT('',(23.261836585707,48.26,25.4));
#196 = VECTOR('',#197,1.);
#197 = DIRECTION('',(-1.,0.,0.));
#198 = ORIENTED_EDGE('',*,*,#199,.T.);
#199 = EDGE_CURVE('',#192,#200,#202,.T.);
#200 = VERTEX_POINT('',#201);
#201 = CARTESIAN_POINT('',(-30.07816341429,43.18,25.4));
#202 = CIRCLE('',#203,5.08);
#203 = AXIS2_PLACEMENT_3D('',#204,#205,#206);
#204 = CARTESIAN_POINT('',(-24.99816341429,43.18,25.4));
#205 = DIRECTION('',(-0.,0.,1.));
#206 = DIRECTION('',(0.,-1.,0.));
#207 = ORIENTED_EDGE('',*,*,#208,.T.);
#208 = EDGE_CURVE('',#200,#209,#211,.T.);
#209 = VERTEX_POINT('',#210);
#210 = CARTESIAN_POINT('',(-30.07816341429,38.5895,25.4));
#211 = LINE('',#212,#213);
#212 = CARTESIAN_POINT('',(-30.07816341429,43.18,25.4));
#213 = VECTOR('',#214,1.);
#214 = DIRECTION('',(0.,-1.,0.));
#215 = ORIENTED_EDGE('',*,*,#216,.T.);
#216 = EDGE_CURVE('',#209,#217,#219,.T.);
#217 = VERTEX_POINT('',#218);
#218 = CARTESIAN_POINT('',(-30.07816341429,-4.793130321881,25.4));
#219 = LINE('',#220,#221);
#220 = CARTESIAN_POINT('',(-30.07816341429,43.18,25.4));
#221 = VECTOR('',#222,1.);
#222 = DIRECTION('',(0.,-1.,0.));
#223 = ORIENTED_EDGE('',*,*,#224,.T.);
#224 = EDGE_CURVE('',#217,#225,#227,.T.);
#225 = VERTEX_POINT('',#226);
#226 = CARTESIAN_POINT('',(-30.07816341429,-7.333130321881,25.4));
#227 = LINE('',#228,#229);
#228 = CARTESIAN_POINT('',(-30.07816341429,43.18,25.4));
#229 = VECTOR('',#230,1.);
#230 = DIRECTION('',(0.,-1.,0.));
#231 = ORIENTED_EDGE('',*,*,#232,.T.);
#232 = EDGE_CURVE('',#225,#233,#235,.T.);
#233 = VERTEX_POINT('',#234);
#234 = CARTESIAN_POINT('',(-30.07816341429,-38.5895,25.4));
#235 = LINE('',#236,#237);
#236 = CARTESIAN_POINT('',(-30.07816341429,43.18,25.4));
#237 = VECTOR('',#238,1.);
#238 = DIRECTION('',(0.,-1.,0.));
#239 = ORIENTED_EDGE('',*,*,#240,.T.);
#240 = EDGE_CURVE('',#233,#241,#243,.T.);
#241 = VERTEX_POINT('',#242);
#242 = CARTESIAN_POINT('',(-30.07816341429,-43.18,25.4));
#243 = LINE('',#244,#245);
#244 = CARTESIAN_POINT('',(-30.07816341429,43.18,25.4));
#245 = VECTOR('',#246,1.);
#246 = DIRECTION('',(0.,-1.,0.));
#247 = ORIENTED_EDGE('',*,*,#248,.F.);
#248 = EDGE_CURVE('',#92,#241,#249,.T.);
#249 = CIRCLE('',#250,5.08);
#250 = AXIS2_PLACEMENT_3D('',#251,#252,#253);
#251 = CARTESIAN_POINT('',(-24.99816341429,-43.18,25.4));
#252 = DIRECTION('',(-0.,-0.,-1.));
#253 = DIRECTION('',(0.,-1.,0.));
#254 = PLANE('',#255);
#255 = AXIS2_PLACEMENT_3D('',#256,#257,#258);
#256 = CARTESIAN_POINT('',(-0.868163414293,-4.603689754113E-16,25.4));
#257 = DIRECTION('',(0.,0.,1.));
#258 = DIRECTION('',(1.,0.,0.));
#259 = ADVANCED_FACE('',(#260),#285,.T.);
#260 = FACE_BOUND('',#261,.T.);
#261 = EDGE_LOOP('',(#262,#263,#271,#279));
#262 = ORIENTED_EDGE('',*,*,#21,.T.);
#263 = ORIENTED_EDGE('',*,*,#264,.T.);
#264 = EDGE_CURVE('',#24,#265,#267,.T.);
#265 = VERTEX_POINT('',#266);
#266 = CARTESIAN_POINT('',(23.261836585707,-50.8,44.958));
#267 = LINE('',#268,#269);
#268 = CARTESIAN_POINT('',(23.261836585707,-50.8,25.4));
#269 = VECTOR('',#270,1.);
#270 = DIRECTION('',(0.,0.,1.));
#271 = ORIENTED_EDGE('',*,*,#272,.F.);
#272 = EDGE_CURVE('',#273,#265,#275,.T.);
#273 = VERTEX_POINT('',#274);
#274 = CARTESIAN_POINT('',(-24.99816341429,-50.8,44.958));
#275 = LINE('',#276,#277);
#276 = CARTESIAN_POINT('',(-24.99816341429,-50.8,44.958));
#277 = VECTOR('',#278,1.);
#278 = DIRECTION('',(1.,0.,0.));
#279 = ORIENTED_EDGE('',*,*,#280,.F.);
#280 = EDGE_CURVE('',#22,#273,#281,.T.);
#281 = LINE('',#282,#283);
#282 = CARTESIAN_POINT('',(-24.99816341429,-50.8,42.418));
#283 = VECTOR('',#284,1.);
#284 = DIRECTION('',(0.,0.,1.));
#285 = PLANE('',#286);
#286 = AXIS2_PLACEMENT_3D('',#287,#288,#289);
#287 = CARTESIAN_POINT('',(-0.868163414293,-50.8,35.179));
#288 = DIRECTION('',(-0.,-1.,-0.));
#289 = DIRECTION('',(0.,0.,-1.));
#290 = ADVANCED_FACE('',(#291),#310,.T.);
#291 = FACE_BOUND('',#292,.F.);
#292 = EDGE_LOOP('',(#293,#301,#302,#303));
#293 = ORIENTED_EDGE('',*,*,#294,.F.);
#294 = EDGE_CURVE('',#32,#295,#297,.T.);
#295 = VERTEX_POINT('',#296);
#296 = CARTESIAN_POINT('',(30.881836585707,-43.18,44.958));
#297 = LINE('',#298,#299);
#298 = CARTESIAN_POINT('',(30.881836585707,-43.18,42.418));
#299 = VECTOR('',#300,1.);
#300 = DIRECTION('',(0.,0.,1.));
#301 = ORIENTED_EDGE('',*,*,#31,.F.);
#302 = ORIENTED_EDGE('',*,*,#264,.T.);
#303 = ORIENTED_EDGE('',*,*,#304,.T.);
#304 = EDGE_CURVE('',#265,#295,#305,.T.);
#305 = CIRCLE('',#306,7.62);
#306 = AXIS2_PLACEMENT_3D('',#307,#308,#309);
#307 = CARTESIAN_POINT('',(23.261836585707,-43.18,44.958));
#308 = DIRECTION('',(0.,-0.,1.));
#309 = DIRECTION('',(0.,1.,0.));
#310 = CYLINDRICAL_SURFACE('',#311,7.62);
#311 = AXIS2_PLACEMENT_3D('',#312,#313,#314);
#312 = CARTESIAN_POINT('',(23.261836585707,-43.18,25.4));
#313 = DIRECTION('',(0.,0.,-1.));
#314 = DIRECTION('',(0.,1.,0.));
#315 = ADVANCED_FACE('',(#316,#334),#345,.T.);
#316 = FACE_BOUND('',#317,.T.);
#317 = EDGE_LOOP('',(#318,#319,#327,#333));
#318 = ORIENTED_EDGE('',*,*,#40,.T.);
#319 = ORIENTED_EDGE('',*,*,#320,.T.);
#320 = EDGE_CURVE('',#41,#321,#323,.T.);
#321 = VERTEX_POINT('',#322);
#322 = CARTESIAN_POINT('',(30.881836585707,43.18,44.958));
#323 = LINE('',#324,#325);
#324 = CARTESIAN_POINT('',(30.881836585707,43.18,25.4));
#325 = VECTOR('',#326,1.);
#326 = DIRECTION('',(0.,0.,1.));
#327 = ORIENTED_EDGE('',*,*,#328,.F.);
#328 = EDGE_CURVE('',#295,#321,#329,.T.);
#329 = LINE('',#330,#331);
#330 = CARTESIAN_POINT('',(30.881836585707,-43.18,44.958));
#331 = VECTOR('',#332,1.);
#332 = DIRECTION('',(0.,1.,0.));
#333 = ORIENTED_EDGE('',*,*,#294,.F.);
#334 = FACE_BOUND('',#335,.T.);
#335 = EDGE_LOOP('',(#336));
#336 = ORIENTED_EDGE('',*,*,#337,.F.);
#337 = EDGE_CURVE('',#338,#338,#340,.T.);
#338 = VERTEX_POINT('',#339);
#339 = CARTESIAN_POINT('',(30.881836585707,-13.49263032188,35.179));
#340 = CIRCLE('',#341,0.9525);
#341 = AXIS2_PLACEMENT_3D('',#342,#343,#344);
#342 = CARTESIAN_POINT('',(30.881836585707,-14.44513032188,35.179));
#343 = DIRECTION('',(1.,0.,0.));
#344 = DIRECTION('',(0.,1.,0.));
#345 = PLANE('',#346);
#346 = AXIS2_PLACEMENT_3D('',#347,#348,#349);
#347 = CARTESIAN_POINT('',(30.881836585707,6.708422890917E-16,35.179));
#348 = DIRECTION('',(1.,0.,0.));
#349 = DIRECTION('',(0.,0.,1.));
#350 = ADVANCED_FACE('',(#351),#370,.T.);
#351 = FACE_BOUND('',#352,.F.);
#352 = EDGE_LOOP('',(#353,#361,#362,#363));
#353 = ORIENTED_EDGE('',*,*,#354,.F.);
#354 = EDGE_CURVE('',#49,#355,#357,.T.);
#355 = VERTEX_POINT('',#356);
#356 = CARTESIAN_POINT('',(23.261836585707,50.8,44.958));
#357 = LINE('',#358,#359);
#358 = CARTESIAN_POINT('',(23.261836585707,50.8,42.418));
#359 = VECTOR('',#360,1.);
#360 = DIRECTION('',(0.,0.,1.));
#361 = ORIENTED_EDGE('',*,*,#48,.F.);
#362 = ORIENTED_EDGE('',*,*,#320,.T.);
#363 = ORIENTED_EDGE('',*,*,#364,.T.);
#364 = EDGE_CURVE('',#321,#355,#365,.T.);
#365 = CIRCLE('',#366,7.62);
#366 = AXIS2_PLACEMENT_3D('',#367,#368,#369);
#367 = CARTESIAN_POINT('',(23.261836585707,43.18,44.958));
#368 = DIRECTION('',(0.,-0.,1.));
#369 = DIRECTION('',(0.,1.,0.));
#370 = CYLINDRICAL_SURFACE('',#371,7.62);
#371 = AXIS2_PLACEMENT_3D('',#372,#373,#374);
#372 = CARTESIAN_POINT('',(23.261836585707,43.18,25.4));
#373 = DIRECTION('',(0.,0.,-1.));
#374 = DIRECTION('',(0.,1.,0.));
#375 = ADVANCED_FACE('',(#376),#394,.T.);
#376 = FACE_BOUND('',#377,.T.);
#377 = EDGE_LOOP('',(#378,#379,#387,#393));
#378 = ORIENTED_EDGE('',*,*,#57,.T.);
#379 = ORIENTED_EDGE('',*,*,#380,.T.);
#380 = EDGE_CURVE('',#58,#381,#383,.T.);
#381 = VERTEX_POINT('',#382);
#382 = CARTESIAN_POINT('',(-24.99816341429,50.8,44.958));
#383 = LINE('',#384,#385);
#384 = CARTESIAN_POINT('',(-24.99816341429,50.8,25.4));
#385 = VECTOR('',#386,1.);
#386 = DIRECTION('',(0.,0.,1.));
#387 = ORIENTED_EDGE('',*,*,#388,.F.);
#388 = EDGE_CURVE('',#355,#381,#389,.T.);
#389 = LINE('',#390,#391);
#390 = CARTESIAN_POINT('',(23.261836585707,50.8,44.958));
#391 = VECTOR('',#392,1.);
#392 = DIRECTION('',(-1.,0.,0.));
#393 = ORIENTED_EDGE('',*,*,#354,.F.);
#394 = PLANE('',#395);
#395 = AXIS2_PLACEMENT_3D('',#396,#397,#398);
#396 = CARTESIAN_POINT('',(-0.868163414293,50.8,35.179));
#397 = DIRECTION('',(0.,1.,0.));
#398 = DIRECTION('',(0.,0.,1.));
#399 = ADVANCED_FACE('',(#400),#419,.T.);
#400 = FACE_BOUND('',#401,.F.);
#401 = EDGE_LOOP('',(#402,#410,#411,#412));
#402 = ORIENTED_EDGE('',*,*,#403,.F.);
#403 = EDGE_CURVE('',#66,#404,#406,.T.);
#404 = VERTEX_POINT('',#405);
#405 = CARTESIAN_POINT('',(-32.61816341429,43.18,44.958));
#406 = LINE('',#407,#408);
#407 = CARTESIAN_POINT('',(-32.61816341429,43.18,42.418));
#408 = VECTOR('',#409,1.);
#409 = DIRECTION('',(0.,0.,1.));
#410 = ORIENTED_EDGE('',*,*,#65,.F.);
#411 = ORIENTED_EDGE('',*,*,#380,.T.);
#412 = ORIENTED_EDGE('',*,*,#413,.T.);
#413 = EDGE_CURVE('',#381,#404,#414,.T.);
#414 = CIRCLE('',#415,7.62);
#415 = AXIS2_PLACEMENT_3D('',#416,#417,#418);
#416 = CARTESIAN_POINT('',(-24.99816341429,43.18,44.958));
#417 = DIRECTION('',(-0.,0.,1.));
#418 = DIRECTION('',(0.,-1.,0.));
#419 = CYLINDRICAL_SURFACE('',#420,7.62);
#420 = AXIS2_PLACEMENT_3D('',#421,#422,#423);
#421 = CARTESIAN_POINT('',(-24.99816341429,43.18,25.4));
#422 = DIRECTION('',(0.,0.,-1.));
#423 = DIRECTION('',(0.,-1.,0.));
#424 = ADVANCED_FACE('',(#425,#443),#454,.T.);
#425 = FACE_BOUND('',#426,.T.);
#426 = EDGE_LOOP('',(#427,#428,#436,#442));
#427 = ORIENTED_EDGE('',*,*,#74,.T.);
#428 = ORIENTED_EDGE('',*,*,#429,.T.);
#429 = EDGE_CURVE('',#75,#430,#432,.T.);
#430 = VERTEX_POINT('',#431);
#431 = CARTESIAN_POINT('',(-32.61816341429,-43.18,44.958));
#432 = LINE('',#433,#434);
#433 = CARTESIAN_POINT('',(-32.61816341429,-43.18,25.4));
#434 = VECTOR('',#435,1.);
#435 = DIRECTION('',(0.,0.,1.));
#436 = ORIENTED_EDGE('',*,*,#437,.F.);
#437 = EDGE_CURVE('',#404,#430,#438,.T.);
#438 = LINE('',#439,#440);
#439 = CARTESIAN_POINT('',(-32.61816341429,43.18,44.958));
#440 = VECTOR('',#441,1.);
#441 = DIRECTION('',(0.,-1.,0.));
#442 = ORIENTED_EDGE('',*,*,#403,.F.);
#443 = FACE_BOUND('',#444,.T.);
#444 = EDGE_LOOP('',(#445));
#445 = ORIENTED_EDGE('',*,*,#446,.F.);
#446 = EDGE_CURVE('',#447,#447,#449,.T.);
#447 = VERTEX_POINT('',#448);
#448 = CARTESIAN_POINT('',(-32.61816341429,-18.50913032188,35.179));
#449 = CIRCLE('',#450,4.064);
#450 = AXIS2_PLACEMENT_3D('',#451,#452,#453);
#451 = CARTESIAN_POINT('',(-32.61816341429,-14.44513032188,35.179));
#452 = DIRECTION('',(-1.,0.,0.));
#453 = DIRECTION('',(0.,-1.,0.));
#454 = PLANE('',#455);
#455 = AXIS2_PLACEMENT_3D('',#456,#457,#458);
#456 = CARTESIAN_POINT('',(-32.61816341429,-6.708422890917E-16,35.179));
#457 = DIRECTION('',(-1.,-0.,-0.));
#458 = DIRECTION('',(0.,0.,-1.));
#459 = ADVANCED_FACE('',(#460),#472,.T.);
#460 = FACE_BOUND('',#461,.T.);
#461 = EDGE_LOOP('',(#462,#469,#470,#471));
#462 = ORIENTED_EDGE('',*,*,#463,.T.);
#463 = EDGE_CURVE('',#273,#430,#464,.T.);
#464 = CIRCLE('',#465,7.62);
#465 = AXIS2_PLACEMENT_3D('',#466,#467,#468);
#466 = CARTESIAN_POINT('',(-24.99816341429,-43.18,44.958));
#467 = DIRECTION('',(-0.,-0.,-1.));
#468 = DIRECTION('',(0.,-1.,0.));
#469 = ORIENTED_EDGE('',*,*,#429,.F.);
#470 = ORIENTED_EDGE('',*,*,#82,.F.);
#471 = ORIENTED_EDGE('',*,*,#280,.T.);
#472 = CYLINDRICAL_SURFACE('',#473,7.62);
#473 = AXIS2_PLACEMENT_3D('',#474,#475,#476);
#474 = CARTESIAN_POINT('',(-24.99816341429,-43.18,25.4));
#475 = DIRECTION('',(-0.,-0.,-1.));
#476 = DIRECTION('',(0.,-1.,0.));
#477 = ADVANCED_FACE('',(#478),#503,.T.);
#478 = FACE_BOUND('',#479,.T.);
#479 = EDGE_LOOP('',(#480,#481,#489,#497));
#480 = ORIENTED_EDGE('',*,*,#91,.F.);
#481 = ORIENTED_EDGE('',*,*,#482,.T.);
#482 = EDGE_CURVE('',#92,#483,#485,.T.);
#483 = VERTEX_POINT('',#484);
#484 = CARTESIAN_POINT('',(-24.99816341429,-48.26,22.606));
#485 = LINE('',#486,#487);
#486 = CARTESIAN_POINT('',(-24.99816341429,-48.26,42.418));
#487 = VECTOR('',#488,1.);
#488 = DIRECTION('',(0.,0.,-1.));
#489 = ORIENTED_EDGE('',*,*,#490,.F.);
#490 = EDGE_CURVE('',#491,#483,#493,.T.);
#491 = VERTEX_POINT('',#492);
#492 = CARTESIAN_POINT('',(-20.2248,-48.26,22.606));
#493 = LINE('',#494,#495);
#494 = CARTESIAN_POINT('',(-12.93316341429,-48.26,22.606));
#495 = VECTOR('',#496,1.);
#496 = DIRECTION('',(-1.,0.,0.));
#497 = ORIENTED_EDGE('',*,*,#498,.F.);
#498 = EDGE_CURVE('',#94,#491,#499,.T.);
#499 = LINE('',#500,#501);
#500 = CARTESIAN_POINT('',(-20.2248,-48.26,42.418));
#501 = VECTOR('',#502,1.);
#502 = DIRECTION('',(0.,0.,-1.));
#503 = PLANE('',#504);
#504 = AXIS2_PLACEMENT_3D('',#505,#506,#507);
#505 = CARTESIAN_POINT('',(-24.99816341429,-48.26,42.418));
#506 = DIRECTION('',(0.,-1.,0.));
#507 = DIRECTION('',(1.,0.,0.));
#508 = ADVANCED_FACE('',(#509),#534,.T.);
#509 = FACE_BOUND('',#510,.T.);
#510 = EDGE_LOOP('',(#511,#512,#520,#528));
#511 = ORIENTED_EDGE('',*,*,#101,.F.);
#512 = ORIENTED_EDGE('',*,*,#513,.F.);
#513 = EDGE_CURVE('',#514,#94,#516,.T.);
#514 = VERTEX_POINT('',#515);
#515 = CARTESIAN_POINT('',(-20.2248,-48.26,42.418));
#516 = LINE('',#517,#518);
#517 = CARTESIAN_POINT('',(-20.2248,-48.26,42.418));
#518 = VECTOR('',#519,1.);
#519 = DIRECTION('',(0.,0.,-1.));
#520 = ORIENTED_EDGE('',*,*,#521,.T.);
#521 = EDGE_CURVE('',#514,#522,#524,.T.);
#522 = VERTEX_POINT('',#523);
#523 = CARTESIAN_POINT('',(16.877439,-48.26,42.418));
#524 = LINE('',#525,#526);
#525 = CARTESIAN_POINT('',(-24.99816341429,-48.26,42.418));
#526 = VECTOR('',#527,1.);
#527 = DIRECTION('',(1.,0.,0.));
#528 = ORIENTED_EDGE('',*,*,#529,.T.);
#529 = EDGE_CURVE('',#522,#102,#530,.T.);
#530 = LINE('',#531,#532);
#531 = CARTESIAN_POINT('',(16.877439,-48.26,42.418));
#532 = VECTOR('',#533,1.);
#533 = DIRECTION('',(0.,0.,-1.));
#534 = PLANE('',#535);
#535 = AXIS2_PLACEMENT_3D('',#536,#537,#538);
#536 = CARTESIAN_POINT('',(-24.99816341429,-48.26,25.4));
#537 = DIRECTION('',(0.,1.,0.));
#538 = DIRECTION('',(1.,0.,0.));
#539 = ADVANCED_FACE('',(#540),#565,.T.);
#540 = FACE_BOUND('',#541,.T.);
#541 = EDGE_LOOP('',(#542,#543,#551,#559));
#542 = ORIENTED_EDGE('',*,*,#109,.F.);
#543 = ORIENTED_EDGE('',*,*,#544,.T.);
#544 = EDGE_CURVE('',#102,#545,#547,.T.);
#545 = VERTEX_POINT('',#546);
#546 = CARTESIAN_POINT('',(16.877439,-48.26,22.606));
#547 = LINE('',#548,#549);
#548 = CARTESIAN_POINT('',(16.877439,-48.26,42.418));
#549 = VECTOR('',#550,1.);
#550 = DIRECTION('',(0.,0.,-1.));
#551 = ORIENTED_EDGE('',*,*,#552,.F.);
#552 = EDGE_CURVE('',#553,#545,#555,.T.);
#553 = VERTEX_POINT('',#554);
#554 = CARTESIAN_POINT('',(23.261836585707,-48.26,22.606));
#555 = LINE('',#556,#557);
#556 = CARTESIAN_POINT('',(8.004637792854,-48.26,22.606));
#557 = VECTOR('',#558,1.);
#558 = DIRECTION('',(-1.,0.,0.));
#559 = ORIENTED_EDGE('',*,*,#560,.F.);
#560 = EDGE_CURVE('',#110,#553,#561,.T.);
#561 = LINE('',#562,#563);
#562 = CARTESIAN_POINT('',(23.261836585707,-48.26,42.418));
#563 = VECTOR('',#564,1.);
#564 = DIRECTION('',(0.,0.,-1.));
#565 = PLANE('',#566);
#566 = AXIS2_PLACEMENT_3D('',#567,#568,#569);
#567 = CARTESIAN_POINT('',(16.877439,-48.26,42.418));
#568 = DIRECTION('',(0.,-1.,0.));
#569 = DIRECTION('',(1.,0.,0.));
#570 = ADVANCED_FACE('',(#571),#590,.T.);
#571 = FACE_BOUND('',#572,.T.);
#572 = EDGE_LOOP('',(#573,#574,#575,#584));
#573 = ORIENTED_EDGE('',*,*,#117,.F.);
#574 = ORIENTED_EDGE('',*,*,#560,.T.);
#575 = ORIENTED_EDGE('',*,*,#576,.T.);
#576 = EDGE_CURVE('',#553,#577,#579,.T.);
#577 = VERTEX_POINT('',#578);
#578 = CARTESIAN_POINT('',(28.341836585707,-43.18,22.606));
#579 = CIRCLE('',#580,5.08);
#580 = AXIS2_PLACEMENT_3D('',#581,#582,#583);
#581 = CARTESIAN_POINT('',(23.261836585707,-43.18,22.606));
#582 = DIRECTION('',(-0.,0.,1.));
#583 = DIRECTION('',(0.,-1.,0.));
#584 = ORIENTED_EDGE('',*,*,#585,.F.);
#585 = EDGE_CURVE('',#118,#577,#586,.T.);
#586 = LINE('',#587,#588);
#587 = CARTESIAN_POINT('',(28.341836585707,-43.18,42.418));
#588 = VECTOR('',#589,1.);
#589 = DIRECTION('',(0.,0.,-1.));
#590 = CYLINDRICAL_SURFACE('',#591,5.08);
#591 = AXIS2_PLACEMENT_3D('',#592,#593,#594);
#592 = CARTESIAN_POINT('',(23.261836585707,-43.18,42.418));
#593 = DIRECTION('',(0.,0.,1.));
#594 = DIRECTION('',(0.,-1.,0.));
#595 = ADVANCED_FACE('',(#596),#614,.T.);
#596 = FACE_BOUND('',#597,.T.);
#597 = EDGE_LOOP('',(#598,#599,#600,#608));
#598 = ORIENTED_EDGE('',*,*,#126,.F.);
#599 = ORIENTED_EDGE('',*,*,#585,.T.);
#600 = ORIENTED_EDGE('',*,*,#601,.F.);
#601 = EDGE_CURVE('',#602,#577,#604,.T.);
#602 = VERTEX_POINT('',#603);
#603 = CARTESIAN_POINT('',(28.341836585707,-38.5895,22.606));
#604 = LINE('',#605,#606);
#605 = CARTESIAN_POINT('',(28.341836585707,-21.59,22.606));
#606 = VECTOR('',#607,1.);
#607 = DIRECTION('',(5.417491722384E-15,-1.,0.));
#608 = ORIENTED_EDGE('',*,*,#609,.F.);
#609 = EDGE_CURVE('',#127,#602,#610,.T.);
#610 = LINE('',#611,#612);
#611 = CARTESIAN_POINT('',(28.341836585707,-38.5895,42.418));
#612 = VECTOR('',#613,1.);
#613 = DIRECTION('',(0.,0.,-1.));
#614 = PLANE('',#615);
#615 = AXIS2_PLACEMENT_3D('',#616,#617,#618);
#616 = CARTESIAN_POINT('',(28.341836585707,-43.18,42.418));
#617 = DIRECTION('',(1.,5.417491722384E-15,0.));
#618 = DIRECTION('',(-5.417491722384E-15,1.,0.));
#619 = ADVANCED_FACE('',(#620,#645),#656,.T.);
#620 = FACE_BOUND('',#621,.T.);
#621 = EDGE_LOOP('',(#622,#623,#631,#639));
#622 = ORIENTED_EDGE('',*,*,#134,.F.);
#623 = ORIENTED_EDGE('',*,*,#624,.F.);
#624 = EDGE_CURVE('',#625,#127,#627,.T.);
#625 = VERTEX_POINT('',#626);
#626 = CARTESIAN_POINT('',(28.341836585707,-38.5895,42.418));
#627 = LINE('',#628,#629);
#628 = CARTESIAN_POINT('',(28.341836585707,-38.5895,42.418));
#629 = VECTOR('',#630,1.);
#630 = DIRECTION('',(0.,0.,-1.));
#631 = ORIENTED_EDGE('',*,*,#632,.T.);
#632 = EDGE_CURVE('',#625,#633,#635,.T.);
#633 = VERTEX_POINT('',#634);
#634 = CARTESIAN_POINT('',(28.341836585707,-7.333130321881,42.418));
#635 = LINE('',#636,#637);
#636 = CARTESIAN_POINT('',(28.341836585707,-43.18,42.418));
#637 = VECTOR('',#638,1.);
#638 = DIRECTION('',(0.,1.,0.));
#639 = ORIENTED_EDGE('',*,*,#640,.T.);
#640 = EDGE_CURVE('',#633,#135,#641,.T.);
#641 = LINE('',#642,#643);
#642 = CARTESIAN_POINT('',(28.341836585707,-7.333130321881,42.418));
#643 = VECTOR('',#644,1.);
#644 = DIRECTION('',(0.,0.,-1.));
#645 = FACE_BOUND('',#646,.T.);
#646 = EDGE_LOOP('',(#647));
#647 = ORIENTED_EDGE('',*,*,#648,.T.);
#648 = EDGE_CURVE('',#649,#649,#651,.T.);
#649 = VERTEX_POINT('',#650);
#650 = CARTESIAN_POINT('',(28.341836585707,-13.49263032188,35.179));
#651 = CIRCLE('',#652,0.9525);
#652 = AXIS2_PLACEMENT_3D('',#653,#654,#655);
#653 = CARTESIAN_POINT('',(28.341836585707,-14.44513032188,35.179));
#654 = DIRECTION('',(1.,0.,0.));
#655 = DIRECTION('',(0.,1.,0.));
#656 = PLANE('',#657);
#657 = AXIS2_PLACEMENT_3D('',#658,#659,#660);
#658 = CARTESIAN_POINT('',(28.341836585707,-43.18,25.4));
#659 = DIRECTION('',(-1.,0.,0.));
#660 = DIRECTION('',(0.,1.,0.));
#661 = ADVANCED_FACE('',(#662),#687,.F.);
#662 = FACE_BOUND('',#663,.F.);
#663 = EDGE_LOOP('',(#664,#665,#673,#681));
#664 = ORIENTED_EDGE('',*,*,#142,.T.);
#665 = ORIENTED_EDGE('',*,*,#666,.T.);
#666 = EDGE_CURVE('',#143,#667,#669,.T.);
#667 = VERTEX_POINT('',#668);
#668 = CARTESIAN_POINT('',(28.341836585707,-4.793130321881,14.512));
#669 = LINE('',#670,#671);
#670 = CARTESIAN_POINT('',(28.341836585707,-4.793130321881,42.418));
#671 = VECTOR('',#672,1.);
#672 = DIRECTION('',(0.,0.,-1.));
#673 = ORIENTED_EDGE('',*,*,#674,.T.);
#674 = EDGE_CURVE('',#667,#675,#677,.T.);
#675 = VERTEX_POINT('',#676);
#676 = CARTESIAN_POINT('',(28.341836585707,-7.333130321881,14.512));
#677 = LINE('',#678,#679);
#678 = CARTESIAN_POINT('',(28.341836585707,-4.793130321881,14.512));
#679 = VECTOR('',#680,1.);
#680 = DIRECTION('',(0.,-1.,0.));
#681 = ORIENTED_EDGE('',*,*,#682,.F.);
#682 = EDGE_CURVE('',#135,#675,#683,.T.);
#683 = LINE('',#684,#685);
#684 = CARTESIAN_POINT('',(28.341836585707,-7.333130321881,42.418));
#685 = VECTOR('',#686,1.);
#686 = DIRECTION('',(0.,0.,-1.));
#687 = PLANE('',#688);
#688 = AXIS2_PLACEMENT_3D('',#689,#690,#691);
#689 = CARTESIAN_POINT('',(28.341836585707,-4.793130321881,42.418));
#690 = DIRECTION('',(-1.,-0.,-0.));
#691 = DIRECTION('',(0.,-1.,0.));
#692 = ADVANCED_FACE('',(#693),#718,.T.);
#693 = FACE_BOUND('',#694,.T.);
#694 = EDGE_LOOP('',(#695,#696,#704,#712));
#695 = ORIENTED_EDGE('',*,*,#150,.F.);
#696 = ORIENTED_EDGE('',*,*,#697,.F.);
#697 = EDGE_CURVE('',#698,#143,#700,.T.);
#698 = VERTEX_POINT('',#699);
#699 = CARTESIAN_POINT('',(28.341836585707,-4.793130321881,42.418));
#700 = LINE('',#701,#702);
#701 = CARTESIAN_POINT('',(28.341836585707,-4.793130321881,42.418));
#702 = VECTOR('',#703,1.);
#703 = DIRECTION('',(0.,0.,-1.));
#704 = ORIENTED_EDGE('',*,*,#705,.T.);
#705 = EDGE_CURVE('',#698,#706,#708,.T.);
#706 = VERTEX_POINT('',#707);
#707 = CARTESIAN_POINT('',(28.341836585707,38.5895,42.418));
#708 = LINE('',#709,#710);
#709 = CARTESIAN_POINT('',(28.341836585707,-43.18,42.418));
#710 = VECTOR('',#711,1.);
#711 = DIRECTION('',(0.,1.,0.));
#712 = ORIENTED_EDGE('',*,*,#713,.T.);
#713 = EDGE_CURVE('',#706,#151,#714,.T.);
#714 = LINE('',#715,#716);
#715 = CARTESIAN_POINT('',(28.341836585707,38.5895,42.418));
#716 = VECTOR('',#717,1.);
#717 = DIRECTION('',(0.,0.,-1.));
#718 = PLANE('',#719);
#719 = AXIS2_PLACEMENT_3D('',#720,#721,#722);
#720 = CARTESIAN_POINT('',(28.341836585707,-43.18,25.4));
#721 = DIRECTION('',(-1.,0.,0.));
#722 = DIRECTION('',(0.,1.,0.));
#723 = ADVANCED_FACE('',(#724),#749,.T.);
#724 = FACE_BOUND('',#725,.T.);
#725 = EDGE_LOOP('',(#726,#727,#735,#743));
#726 = ORIENTED_EDGE('',*,*,#158,.F.);
#727 = ORIENTED_EDGE('',*,*,#728,.T.);
#728 = EDGE_CURVE('',#151,#729,#731,.T.);
#729 = VERTEX_POINT('',#730);
#730 = CARTESIAN_POINT('',(28.341836585707,38.5895,22.606));
#731 = LINE('',#732,#733);
#732 = CARTESIAN_POINT('',(28.341836585707,38.5895,42.418));
#733 = VECTOR('',#734,1.);
#734 = DIRECTION('',(0.,0.,-1.));
#735 = ORIENTED_EDGE('',*,*,#736,.F.);
#736 = EDGE_CURVE('',#737,#729,#739,.T.);
#737 = VERTEX_POINT('',#738);
#738 = CARTESIAN_POINT('',(28.341836585707,43.18,22.606));
#739 = LINE('',#740,#741);
#740 = CARTESIAN_POINT('',(28.341836585707,19.29475,22.606));
#741 = VECTOR('',#742,1.);
#742 = DIRECTION('',(-1.547854777824E-15,-1.,0.));
#743 = ORIENTED_EDGE('',*,*,#744,.F.);
#744 = EDGE_CURVE('',#159,#737,#745,.T.);
#745 = LINE('',#746,#747);
#746 = CARTESIAN_POINT('',(28.341836585707,43.18,42.418));
#747 = VECTOR('',#748,1.);
#748 = DIRECTION('',(0.,0.,-1.));
#749 = PLANE('',#750);
#750 = AXIS2_PLACEMENT_3D('',#751,#752,#753);
#751 = CARTESIAN_POINT('',(28.341836585707,38.5895,42.418));
#752 = DIRECTION('',(1.,-1.547854777824E-15,0.));
#753 = DIRECTION('',(1.547854777824E-15,1.,0.));
#754 = ADVANCED_FACE('',(#755),#774,.T.);
#755 = FACE_BOUND('',#756,.T.);
#756 = EDGE_LOOP('',(#757,#758,#759,#768));
#757 = ORIENTED_EDGE('',*,*,#166,.F.);
#758 = ORIENTED_EDGE('',*,*,#744,.T.);
#759 = ORIENTED_EDGE('',*,*,#760,.T.);
#760 = EDGE_CURVE('',#737,#761,#763,.T.);
#761 = VERTEX_POINT('',#762);
#762 = CARTESIAN_POINT('',(23.261836585707,48.26,22.606));
#763 = CIRCLE('',#764,5.08);
#764 = AXIS2_PLACEMENT_3D('',#765,#766,#767);
#765 = CARTESIAN_POINT('',(23.261836585707,43.18,22.606));
#766 = DIRECTION('',(-0.,0.,1.));
#767 = DIRECTION('',(0.,-1.,0.));
#768 = ORIENTED_EDGE('',*,*,#769,.F.);
#769 = EDGE_CURVE('',#167,#761,#770,.T.);
#770 = LINE('',#771,#772);
#771 = CARTESIAN_POINT('',(23.261836585707,48.26,42.418));
#772 = VECTOR('',#773,1.);
#773 = DIRECTION('',(0.,0.,-1.));
#774 = CYLINDRICAL_SURFACE('',#775,5.08);
#775 = AXIS2_PLACEMENT_3D('',#776,#777,#778);
#776 = CARTESIAN_POINT('',(23.261836585707,43.18,42.418));
#777 = DIRECTION('',(0.,0.,1.));
#778 = DIRECTION('',(0.,-1.,0.));
#779 = ADVANCED_FACE('',(#780),#798,.T.);
#780 = FACE_BOUND('',#781,.T.);
#781 = EDGE_LOOP('',(#782,#783,#784,#792));
#782 = ORIENTED_EDGE('',*,*,#175,.F.);
#783 = ORIENTED_EDGE('',*,*,#769,.T.);
#784 = ORIENTED_EDGE('',*,*,#785,.F.);
#785 = EDGE_CURVE('',#786,#761,#788,.T.);
#786 = VERTEX_POINT('',#787);
#787 = CARTESIAN_POINT('',(16.877439,48.26,22.606));
#788 = LINE('',#789,#790);
#789 = CARTESIAN_POINT('',(11.196836585707,48.26,22.606));
#790 = VECTOR('',#791,1.);
#791 = DIRECTION('',(1.,0.,0.));
#792 = ORIENTED_EDGE('',*,*,#793,.F.);
#793 = EDGE_CURVE('',#176,#786,#794,.T.);
#794 = LINE('',#795,#796);
#795 = CARTESIAN_POINT('',(16.877439,48.26,42.418));
#796 = VECTOR('',#797,1.);
#797 = DIRECTION('',(0.,0.,-1.));
#798 = PLANE('',#799);
#799 = AXIS2_PLACEMENT_3D('',#800,#801,#802);
#800 = CARTESIAN_POINT('',(23.261836585707,48.26,42.418));
#801 = DIRECTION('',(0.,1.,0.));
#802 = DIRECTION('',(-1.,0.,0.));
#803 = ADVANCED_FACE('',(#804),#829,.T.);
#804 = FACE_BOUND('',#805,.T.);
#805 = EDGE_LOOP('',(#806,#807,#815,#823));
#806 = ORIENTED_EDGE('',*,*,#183,.F.);
#807 = ORIENTED_EDGE('',*,*,#808,.F.);
#808 = EDGE_CURVE('',#809,#176,#811,.T.);
#809 = VERTEX_POINT('',#810);
#810 = CARTESIAN_POINT('',(16.877439,48.26,42.418));
#811 = LINE('',#812,#813);
#812 = CARTESIAN_POINT('',(16.877439,48.26,42.418));
#813 = VECTOR('',#814,1.);
#814 = DIRECTION('',(0.,0.,-1.));
#815 = ORIENTED_EDGE('',*,*,#816,.T.);
#816 = EDGE_CURVE('',#809,#817,#819,.T.);
#817 = VERTEX_POINT('',#818);
#818 = CARTESIAN_POINT('',(-20.2248,48.26,42.418));
#819 = LINE('',#820,#821);
#820 = CARTESIAN_POINT('',(23.261836585707,48.26,42.418));
#821 = VECTOR('',#822,1.);
#822 = DIRECTION('',(-1.,0.,0.));
#823 = ORIENTED_EDGE('',*,*,#824,.T.);
#824 = EDGE_CURVE('',#817,#184,#825,.T.);
#825 = LINE('',#826,#827);
#826 = CARTESIAN_POINT('',(-20.2248,48.26,42.418));
#827 = VECTOR('',#828,1.);
#828 = DIRECTION('',(0.,0.,-1.));
#829 = PLANE('',#830);
#830 = AXIS2_PLACEMENT_3D('',#831,#832,#833);
#831 = CARTESIAN_POINT('',(23.261836585707,48.26,25.4));
#832 = DIRECTION('',(0.,-1.,0.));
#833 = DIRECTION('',(-1.,0.,0.));
#834 = ADVANCED_FACE('',(#835),#860,.T.);
#835 = FACE_BOUND('',#836,.T.);
#836 = EDGE_LOOP('',(#837,#838,#846,#854));
#837 = ORIENTED_EDGE('',*,*,#191,.F.);
#838 = ORIENTED_EDGE('',*,*,#839,.T.);
#839 = EDGE_CURVE('',#184,#840,#842,.T.);
#840 = VERTEX_POINT('',#841);
#841 = CARTESIAN_POINT('',(-20.2248,48.26,22.606));
#842 = LINE('',#843,#844);
#843 = CARTESIAN_POINT('',(-20.2248,48.26,42.418));
#844 = VECTOR('',#845,1.);
#845 = DIRECTION('',(0.,0.,-1.));
#846 = ORIENTED_EDGE('',*,*,#847,.F.);
#847 = EDGE_CURVE('',#848,#840,#850,.T.);
#848 = VERTEX_POINT('',#849);
#849 = CARTESIAN_POINT('',(-24.99816341429,48.26,22.606));
#850 = LINE('',#851,#852);
#851 = CARTESIAN_POINT('',(-10.54648170714,48.26,22.606));
#852 = VECTOR('',#853,1.);
#853 = DIRECTION('',(1.,0.,0.));
#854 = ORIENTED_EDGE('',*,*,#855,.F.);
#855 = EDGE_CURVE('',#192,#848,#856,.T.);
#856 = LINE('',#857,#858);
#857 = CARTESIAN_POINT('',(-24.99816341429,48.26,42.418));
#858 = VECTOR('',#859,1.);
#859 = DIRECTION('',(0.,0.,-1.));
#860 = PLANE('',#861);
#861 = AXIS2_PLACEMENT_3D('',#862,#863,#864);
#862 = CARTESIAN_POINT('',(-20.2248,48.26,42.418));
#863 = DIRECTION('',(0.,1.,0.));
#864 = DIRECTION('',(-1.,0.,0.));
#865 = ADVANCED_FACE('',(#866),#885,.T.);
#866 = FACE_BOUND('',#867,.T.);
#867 = EDGE_LOOP('',(#868,#869,#870,#879));
#868 = ORIENTED_EDGE('',*,*,#199,.F.);
#869 = ORIENTED_EDGE('',*,*,#855,.T.);
#870 = ORIENTED_EDGE('',*,*,#871,.T.);
#871 = EDGE_CURVE('',#848,#872,#874,.T.);
#872 = VERTEX_POINT('',#873);
#873 = CARTESIAN_POINT('',(-30.07816341429,43.18,22.606));
#874 = CIRCLE('',#875,5.08);
#875 = AXIS2_PLACEMENT_3D('',#876,#877,#878);
#876 = CARTESIAN_POINT('',(-24.99816341429,43.18,22.606));
#877 = DIRECTION('',(-0.,0.,1.));
#878 = DIRECTION('',(0.,-1.,0.));
#879 = ORIENTED_EDGE('',*,*,#880,.F.);
#880 = EDGE_CURVE('',#200,#872,#881,.T.);
#881 = LINE('',#882,#883);
#882 = CARTESIAN_POINT('',(-30.07816341429,43.18,42.418));
#883 = VECTOR('',#884,1.);
#884 = DIRECTION('',(0.,0.,-1.));
#885 = CYLINDRICAL_SURFACE('',#886,5.08);
#886 = AXIS2_PLACEMENT_3D('',#887,#888,#889);
#887 = CARTESIAN_POINT('',(-24.99816341429,43.18,42.418));
#888 = DIRECTION('',(0.,0.,1.));
#889 = DIRECTION('',(0.,-1.,0.));
#890 = ADVANCED_FACE('',(#891),#909,.T.);
#891 = FACE_BOUND('',#892,.T.);
#892 = EDGE_LOOP('',(#893,#894,#895,#903));
#893 = ORIENTED_EDGE('',*,*,#208,.F.);
#894 = ORIENTED_EDGE('',*,*,#880,.T.);
#895 = ORIENTED_EDGE('',*,*,#896,.F.);
#896 = EDGE_CURVE('',#897,#872,#899,.T.);
#897 = VERTEX_POINT('',#898);
#898 = CARTESIAN_POINT('',(-30.07816341429,38.5895,22.606));
#899 = LINE('',#900,#901);
#900 = CARTESIAN_POINT('',(-30.07816341429,21.59,22.606));
#901 = VECTOR('',#902,1.);
#902 = DIRECTION('',(-1.547854777824E-15,1.,0.));
#903 = ORIENTED_EDGE('',*,*,#904,.F.);
#904 = EDGE_CURVE('',#209,#897,#905,.T.);
#905 = LINE('',#906,#907);
#906 = CARTESIAN_POINT('',(-30.07816341429,38.5895,42.418));
#907 = VECTOR('',#908,1.);
#908 = DIRECTION('',(0.,0.,-1.));
#909 = PLANE('',#910);
#910 = AXIS2_PLACEMENT_3D('',#911,#912,#913);
#911 = CARTESIAN_POINT('',(-30.07816341429,43.18,42.418));
#912 = DIRECTION('',(-1.,-1.547854777824E-15,-0.));
#913 = DIRECTION('',(1.547854777824E-15,-1.,0.));
#914 = ADVANCED_FACE('',(#915),#940,.T.);
#915 = FACE_BOUND('',#916,.T.);
#916 = EDGE_LOOP('',(#917,#918,#926,#934));
#917 = ORIENTED_EDGE('',*,*,#216,.F.);
#918 = ORIENTED_EDGE('',*,*,#919,.F.);
#919 = EDGE_CURVE('',#920,#209,#922,.T.);
#920 = VERTEX_POINT('',#921);
#921 = CARTESIAN_POINT('',(-30.07816341429,38.5895,42.418));
#922 = LINE('',#923,#924);
#923 = CARTESIAN_POINT('',(-30.07816341429,38.5895,42.418));
#924 = VECTOR('',#925,1.);
#925 = DIRECTION('',(0.,0.,-1.));
#926 = ORIENTED_EDGE('',*,*,#927,.T.);
#927 = EDGE_CURVE('',#920,#928,#930,.T.);
#928 = VERTEX_POINT('',#929);
#929 = CARTESIAN_POINT('',(-30.07816341429,-4.793130321881,42.418));
#930 = LINE('',#931,#932);
#931 = CARTESIAN_POINT('',(-30.07816341429,43.18,42.418));
#932 = VECTOR('',#933,1.);
#933 = DIRECTION('',(0.,-1.,0.));
#934 = ORIENTED_EDGE('',*,*,#935,.T.);
#935 = EDGE_CURVE('',#928,#217,#936,.T.);
#936 = LINE('',#937,#938);
#937 = CARTESIAN_POINT('',(-30.07816341429,-4.793130321881,42.418));
#938 = VECTOR('',#939,1.);
#939 = DIRECTION('',(0.,0.,-1.));
#940 = PLANE('',#941);
#941 = AXIS2_PLACEMENT_3D('',#942,#943,#944);
#942 = CARTESIAN_POINT('',(-30.07816341429,43.18,25.4));
#943 = DIRECTION('',(1.,0.,0.));
#944 = DIRECTION('',(0.,-1.,0.));
#945 = ADVANCED_FACE('',(#946),#971,.F.);
#946 = FACE_BOUND('',#947,.F.);
#947 = EDGE_LOOP('',(#948,#949,#957,#965));
#948 = ORIENTED_EDGE('',*,*,#224,.T.);
#949 = ORIENTED_EDGE('',*,*,#950,.T.);
#950 = EDGE_CURVE('',#225,#951,#953,.T.);
#951 = VERTEX_POINT('',#952);
#952 = CARTESIAN_POINT('',(-30.07816341429,-7.333130321881,14.512));
#953 = LINE('',#954,#955);
#954 = CARTESIAN_POINT('',(-30.07816341429,-7.333130321881,42.418));
#955 = VECTOR('',#956,1.);
#956 = DIRECTION('',(0.,0.,-1.));
#957 = ORIENTED_EDGE('',*,*,#958,.T.);
#958 = EDGE_CURVE('',#951,#959,#961,.T.);
#959 = VERTEX_POINT('',#960);
#960 = CARTESIAN_POINT('',(-30.07816341429,-4.793130321881,14.512));
#961 = LINE('',#962,#963);
#962 = CARTESIAN_POINT('',(-30.07816341429,-7.333130321881,14.512));
#963 = VECTOR('',#964,1.);
#964 = DIRECTION('',(0.,1.,0.));
#965 = ORIENTED_EDGE('',*,*,#966,.F.);
#966 = EDGE_CURVE('',#217,#959,#967,.T.);
#967 = LINE('',#968,#969);
#968 = CARTESIAN_POINT('',(-30.07816341429,-4.793130321881,42.418));
#969 = VECTOR('',#970,1.);
#970 = DIRECTION('',(0.,0.,-1.));
#971 = PLANE('',#972);
#972 = AXIS2_PLACEMENT_3D('',#973,#974,#975);
#973 = CARTESIAN_POINT('',(-30.07816341429,-7.333130321881,42.418));
#974 = DIRECTION('',(1.,0.,0.));
#975 = DIRECTION('',(0.,1.,0.));
#976 = ADVANCED_FACE('',(#977,#1002),#1013,.T.);
#977 = FACE_BOUND('',#978,.T.);
#978 = EDGE_LOOP('',(#979,#980,#988,#996));
#979 = ORIENTED_EDGE('',*,*,#232,.F.);
#980 = ORIENTED_EDGE('',*,*,#981,.F.);
#981 = EDGE_CURVE('',#982,#225,#984,.T.);
#982 = VERTEX_POINT('',#983);
#983 = CARTESIAN_POINT('',(-30.07816341429,-7.333130321881,42.418));
#984 = LINE('',#985,#986);
#985 = CARTESIAN_POINT('',(-30.07816341429,-7.333130321881,42.418));
#986 = VECTOR('',#987,1.);
#987 = DIRECTION('',(0.,0.,-1.));
#988 = ORIENTED_EDGE('',*,*,#989,.T.);
#989 = EDGE_CURVE('',#982,#990,#992,.T.);
#990 = VERTEX_POINT('',#991);
#991 = CARTESIAN_POINT('',(-30.07816341429,-38.5895,42.418));
#992 = LINE('',#993,#994);
#993 = CARTESIAN_POINT('',(-30.07816341429,43.18,42.418));
#994 = VECTOR('',#995,1.);
#995 = DIRECTION('',(0.,-1.,0.));
#996 = ORIENTED_EDGE('',*,*,#997,.T.);
#997 = EDGE_CURVE('',#990,#233,#998,.T.);
#998 = LINE('',#999,#1000);
#999 = CARTESIAN_POINT('',(-30.07816341429,-38.5895,42.418));
#1000 = VECTOR('',#1001,1.);
#1001 = DIRECTION('',(0.,0.,-1.));
#1002 = FACE_BOUND('',#1003,.T.);
#1003 = EDGE_LOOP('',(#1004));
#1004 = ORIENTED_EDGE('',*,*,#1005,.T.);
#1005 = EDGE_CURVE('',#1006,#1006,#1008,.T.);
#1006 = VERTEX_POINT('',#1007);
#1007 = CARTESIAN_POINT('',(-30.07816341429,-18.50913032188,35.179));
#1008 = CIRCLE('',#1009,4.064);
#1009 = AXIS2_PLACEMENT_3D('',#1010,#1011,#1012);
#1010 = CARTESIAN_POINT('',(-30.07816341429,-14.44513032188,35.179));
#1011 = DIRECTION('',(-1.,0.,0.));
#1012 = DIRECTION('',(0.,-1.,0.));
#1013 = PLANE('',#1014);
#1014 = AXIS2_PLACEMENT_3D('',#1015,#1016,#1017);
#1015 = CARTESIAN_POINT('',(-30.07816341429,43.18,25.4));
#1016 = DIRECTION('',(1.,0.,0.));
#1017 = DIRECTION('',(0.,-1.,0.));
#1018 = ADVANCED_FACE('',(#1019),#1044,.F.);
#1019 = FACE_BOUND('',#1020,.F.);
#1020 = EDGE_LOOP('',(#1021,#1029,#1030,#1038));
#1021 = ORIENTED_EDGE('',*,*,#1022,.F.);
#1022 = EDGE_CURVE('',#233,#1023,#1025,.T.);
#1023 = VERTEX_POINT('',#1024);
#1024 = CARTESIAN_POINT('',(-30.07816341429,-38.5895,22.606));
#1025 = LINE('',#1026,#1027);
#1026 = CARTESIAN_POINT('',(-30.07816341429,-38.5895,42.418));
#1027 = VECTOR('',#1028,1.);
#1028 = DIRECTION('',(0.,0.,-1.));
#1029 = ORIENTED_EDGE('',*,*,#240,.T.);
#1030 = ORIENTED_EDGE('',*,*,#1031,.T.);
#1031 = EDGE_CURVE('',#241,#1032,#1034,.T.);
#1032 = VERTEX_POINT('',#1033);
#1033 = CARTESIAN_POINT('',(-30.07816341429,-43.18,22.606));
#1034 = LINE('',#1035,#1036);
#1035 = CARTESIAN_POINT('',(-30.07816341429,-43.18,42.418));
#1036 = VECTOR('',#1037,1.);
#1037 = DIRECTION('',(0.,0.,-1.));
#1038 = ORIENTED_EDGE('',*,*,#1039,.F.);
#1039 = EDGE_CURVE('',#1023,#1032,#1040,.T.);
#1040 = LINE('',#1041,#1042);
#1041 = CARTESIAN_POINT('',(-30.07816341429,-21.59,22.606));
#1042 = VECTOR('',#1043,1.);
#1043 = DIRECTION('',(-1.547854777824E-15,-1.,0.));
#1044 = PLANE('',#1045);
#1045 = AXIS2_PLACEMENT_3D('',#1046,#1047,#1048);
#1046 = CARTESIAN_POINT('',(-30.07816341429,-43.18,42.418));
#1047 = DIRECTION('',(1.,-1.547854777824E-15,0.));
#1048 = DIRECTION('',(1.547854777824E-15,1.,0.));
#1049 = ADVANCED_FACE('',(#1050),#1062,.T.);
#1050 = FACE_BOUND('',#1051,.F.);
#1051 = EDGE_LOOP('',(#1052,#1053,#1054,#1061));
#1052 = ORIENTED_EDGE('',*,*,#248,.F.);
#1053 = ORIENTED_EDGE('',*,*,#482,.T.);
#1054 = ORIENTED_EDGE('',*,*,#1055,.F.);
#1055 = EDGE_CURVE('',#1032,#483,#1056,.T.);
#1056 = CIRCLE('',#1057,5.08);
#1057 = AXIS2_PLACEMENT_3D('',#1058,#1059,#1060);
#1058 = CARTESIAN_POINT('',(-24.99816341429,-43.18,22.606));
#1059 = DIRECTION('',(-0.,0.,1.));
#1060 = DIRECTION('',(0.,-1.,0.));
#1061 = ORIENTED_EDGE('',*,*,#1031,.F.);
#1062 = CYLINDRICAL_SURFACE('',#1063,5.08);
#1063 = AXIS2_PLACEMENT_3D('',#1064,#1065,#1066);
#1064 = CARTESIAN_POINT('',(-24.99816341429,-43.18,42.418));
#1065 = DIRECTION('',(0.,0.,1.));
#1066 = DIRECTION('',(0.,-1.,0.));
#1067 = ADVANCED_FACE('',(#1068,#1078,#1089,#1125,#1161,#1197,#1233,
    #1269,#1280,#1291,#1327,#1338,#1349,#1385,#1396,#1432,#1443),#1454,
  .T.);
#1068 = FACE_BOUND('',#1069,.T.);
#1069 = EDGE_LOOP('',(#1070,#1071,#1072,#1073,#1074,#1075,#1076,#1077));
#1070 = ORIENTED_EDGE('',*,*,#388,.T.);
#1071 = ORIENTED_EDGE('',*,*,#413,.T.);
#1072 = ORIENTED_EDGE('',*,*,#437,.T.);
#1073 = ORIENTED_EDGE('',*,*,#463,.F.);
#1074 = ORIENTED_EDGE('',*,*,#272,.T.);
#1075 = ORIENTED_EDGE('',*,*,#304,.T.);
#1076 = ORIENTED_EDGE('',*,*,#328,.T.);
#1077 = ORIENTED_EDGE('',*,*,#364,.T.);
#1078 = FACE_BOUND('',#1079,.T.);
#1079 = EDGE_LOOP('',(#1080));
#1080 = ORIENTED_EDGE('',*,*,#1081,.F.);
#1081 = EDGE_CURVE('',#1082,#1082,#1084,.T.);
#1082 = VERTEX_POINT('',#1083);
#1083 = CARTESIAN_POINT('',(-21.04535393815,-43.438538,44.958));
#1084 = CIRCLE('',#1085,4.064);
#1085 = AXIS2_PLACEMENT_3D('',#1086,#1087,#1088);
#1086 = CARTESIAN_POINT('',(-25.10935393815,-43.438538,44.958));
#1087 = DIRECTION('',(0.,0.,1.));
#1088 = DIRECTION('',(1.,0.,0.));
#1089 = FACE_BOUND('',#1090,.T.);
#1090 = EDGE_LOOP('',(#1091,#1101,#1110,#1118));
#1091 = ORIENTED_EDGE('',*,*,#1092,.T.);
#1092 = EDGE_CURVE('',#1093,#1095,#1097,.T.);
#1093 = VERTEX_POINT('',#1094);
#1094 = CARTESIAN_POINT('',(-14.337439,-43.815,44.958));
#1095 = VERTEX_POINT('',#1096);
#1096 = CARTESIAN_POINT('',(14.337439,-43.815,44.958));
#1097 = LINE('',#1098,#1099);
#1098 = CARTESIAN_POINT('',(6.734637792854,-43.815,44.958));
#1099 = VECTOR('',#1100,1.);
#1100 = DIRECTION('',(1.,0.,0.));
#1101 = ORIENTED_EDGE('',*,*,#1102,.T.);
#1102 = EDGE_CURVE('',#1095,#1103,#1105,.T.);
#1103 = VERTEX_POINT('',#1104);
#1104 = CARTESIAN_POINT('',(14.337439,-47.625,44.958));
#1105 = CIRCLE('',#1106,1.905);
#1106 = AXIS2_PLACEMENT_3D('',#1107,#1108,#1109);
#1107 = CARTESIAN_POINT('',(14.337439,-45.72,44.958));
#1108 = DIRECTION('',(0.,0.,-1.));
#1109 = DIRECTION('',(1.,0.,0.));
#1110 = ORIENTED_EDGE('',*,*,#1111,.T.);
#1111 = EDGE_CURVE('',#1103,#1112,#1114,.T.);
#1112 = VERTEX_POINT('',#1113);
#1113 = CARTESIAN_POINT('',(-14.337439,-47.625,44.958));
#1114 = LINE('',#1115,#1116);
#1115 = CARTESIAN_POINT('',(-7.602801207146,-47.625,44.958));
#1116 = VECTOR('',#1117,1.);
#1117 = DIRECTION('',(-1.,0.,0.));
#1118 = ORIENTED_EDGE('',*,*,#1119,.T.);
#1119 = EDGE_CURVE('',#1112,#1093,#1120,.T.);
#1120 = CIRCLE('',#1121,1.905);
#1121 = AXIS2_PLACEMENT_3D('',#1122,#1123,#1124);
#1122 = CARTESIAN_POINT('',(-14.337439,-45.72,44.958));
#1123 = DIRECTION('',(0.,0.,-1.));
#1124 = DIRECTION('',(1.,0.,0.));
#1125 = FACE_BOUND('',#1126,.T.);
#1126 = EDGE_LOOP('',(#1127,#1137,#1146,#1154));
#1127 = ORIENTED_EDGE('',*,*,#1128,.T.);
#1128 = EDGE_CURVE('',#1129,#1131,#1133,.T.);
#1129 = VERTEX_POINT('',#1130);
#1130 = CARTESIAN_POINT('',(14.337438302721,-42.524152,44.958));
#1131 = VERTEX_POINT('',#1132);
#1132 = CARTESIAN_POINT('',(-14.33743837745,-42.524152,44.958));
#1133 = LINE('',#1134,#1135);
#1134 = CARTESIAN_POINT('',(-7.602800895874,-42.524152,44.958));
#1135 = VECTOR('',#1136,1.);
#1136 = DIRECTION('',(-1.,-1.4867566693E-15,0.));
#1137 = ORIENTED_EDGE('',*,*,#1138,.T.);
#1138 = EDGE_CURVE('',#1131,#1139,#1141,.T.);
#1139 = VERTEX_POINT('',#1140);
#1140 = CARTESIAN_POINT('',(-14.337439,-38.714152,44.958));
#1141 = CIRCLE('',#1142,1.905);
#1142 = AXIS2_PLACEMENT_3D('',#1143,#1144,#1145);
#1143 = CARTESIAN_POINT('',(-14.337439,-40.619152,44.958));
#1144 = DIRECTION('',(0.,0.,-1.));
#1145 = DIRECTION('',(1.,0.,0.));
#1146 = ORIENTED_EDGE('',*,*,#1147,.T.);
#1147 = EDGE_CURVE('',#1139,#1148,#1150,.T.);
#1148 = VERTEX_POINT('',#1149);
#1149 = CARTESIAN_POINT('',(14.337439037367,-38.714152,44.958));
#1150 = LINE('',#1151,#1152);
#1151 = CARTESIAN_POINT('',(6.734637811537,-38.714152,44.958));
#1152 = VECTOR('',#1153,1.);
#1153 = DIRECTION('',(1.,0.,0.));
#1154 = ORIENTED_EDGE('',*,*,#1155,.T.);
#1155 = EDGE_CURVE('',#1148,#1129,#1156,.T.);
#1156 = CIRCLE('',#1157,1.905);
#1157 = AXIS2_PLACEMENT_3D('',#1158,#1159,#1160);
#1158 = CARTESIAN_POINT('',(14.337439037367,-40.619152,44.958));
#1159 = DIRECTION('',(0.,0.,-1.));
#1160 = DIRECTION('',(1.,0.,0.));
#1161 = FACE_BOUND('',#1162,.T.);
#1162 = EDGE_LOOP('',(#1163,#1173,#1182,#1190));
#1163 = ORIENTED_EDGE('',*,*,#1164,.T.);
#1164 = EDGE_CURVE('',#1165,#1167,#1169,.T.);
#1165 = VERTEX_POINT('',#1166);
#1166 = CARTESIAN_POINT('',(14.337438302721,-37.423304,44.958));
#1167 = VERTEX_POINT('',#1168);
#1168 = CARTESIAN_POINT('',(-14.33743837745,-37.423304,44.958));
#1169 = LINE('',#1170,#1171);
#1170 = CARTESIAN_POINT('',(-7.602800895874,-37.423304,44.958));
#1171 = VECTOR('',#1172,1.);
#1172 = DIRECTION('',(-1.,-1.4867566693E-15,0.));
#1173 = ORIENTED_EDGE('',*,*,#1174,.T.);
#1174 = EDGE_CURVE('',#1167,#1175,#1177,.T.);
#1175 = VERTEX_POINT('',#1176);
#1176 = CARTESIAN_POINT('',(-14.337439,-33.613304,44.958));
#1177 = CIRCLE('',#1178,1.905);
#1178 = AXIS2_PLACEMENT_3D('',#1179,#1180,#1181);
#1179 = CARTESIAN_POINT('',(-14.337439,-35.518304,44.958));
#1180 = DIRECTION('',(0.,0.,-1.));
#1181 = DIRECTION('',(1.,0.,0.));
#1182 = ORIENTED_EDGE('',*,*,#1183,.T.);
#1183 = EDGE_CURVE('',#1175,#1184,#1186,.T.);
#1184 = VERTEX_POINT('',#1185);
#1185 = CARTESIAN_POINT('',(14.337439037367,-33.613304,44.958));
#1186 = LINE('',#1187,#1188);
#1187 = CARTESIAN_POINT('',(6.734637811537,-33.613304,44.958));
#1188 = VECTOR('',#1189,1.);
#1189 = DIRECTION('',(1.,0.,0.));
#1190 = ORIENTED_EDGE('',*,*,#1191,.T.);
#1191 = EDGE_CURVE('',#1184,#1165,#1192,.T.);
#1192 = CIRCLE('',#1193,1.905);
#1193 = AXIS2_PLACEMENT_3D('',#1194,#1195,#1196);
#1194 = CARTESIAN_POINT('',(14.337439037367,-35.518304,44.958));
#1195 = DIRECTION('',(0.,0.,-1.));
#1196 = DIRECTION('',(1.,0.,0.));
#1197 = FACE_BOUND('',#1198,.T.);
#1198 = EDGE_LOOP('',(#1199,#1209,#1218,#1226));
#1199 = ORIENTED_EDGE('',*,*,#1200,.T.);
#1200 = EDGE_CURVE('',#1201,#1203,#1205,.T.);
#1201 = VERTEX_POINT('',#1202);
#1202 = CARTESIAN_POINT('',(14.337438302721,-32.322456,44.958));
#1203 = VERTEX_POINT('',#1204);
#1204 = CARTESIAN_POINT('',(-14.33743837745,-32.322456,44.958));
#1205 = LINE('',#1206,#1207);
#1206 = CARTESIAN_POINT('',(-7.602800895874,-32.322456,44.958));
#1207 = VECTOR('',#1208,1.);
#1208 = DIRECTION('',(-1.,-9.911711128666E-16,0.));
#1209 = ORIENTED_EDGE('',*,*,#1210,.T.);
#1210 = EDGE_CURVE('',#1203,#1211,#1213,.T.);
#1211 = VERTEX_POINT('',#1212);
#1212 = CARTESIAN_POINT('',(-14.337439,-28.512456,44.958));
#1213 = CIRCLE('',#1214,1.905);
#1214 = AXIS2_PLACEMENT_3D('',#1215,#1216,#1217);
#1215 = CARTESIAN_POINT('',(-14.337439,-30.417456,44.958));
#1216 = DIRECTION('',(0.,0.,-1.));
#1217 = DIRECTION('',(1.,0.,0.));
#1218 = ORIENTED_EDGE('',*,*,#1219,.T.);
#1219 = EDGE_CURVE('',#1211,#1220,#1222,.T.);
#1220 = VERTEX_POINT('',#1221);
#1221 = CARTESIAN_POINT('',(14.337439,-28.512456,44.958));
#1222 = LINE('',#1223,#1224);
#1223 = CARTESIAN_POINT('',(6.734637792854,-28.512456,44.958));
#1224 = VECTOR('',#1225,1.);
#1225 = DIRECTION('',(1.,0.,0.));
#1226 = ORIENTED_EDGE('',*,*,#1227,.T.);
#1227 = EDGE_CURVE('',#1220,#1201,#1228,.T.);
#1228 = CIRCLE('',#1229,1.905);
#1229 = AXIS2_PLACEMENT_3D('',#1230,#1231,#1232);
#1230 = CARTESIAN_POINT('',(14.337439,-30.417456,44.958));
#1231 = DIRECTION('',(0.,0.,-1.));
#1232 = DIRECTION('',(1.,0.,0.));
#1233 = FACE_BOUND('',#1234,.T.);
#1234 = EDGE_LOOP('',(#1235,#1245,#1254,#1262));
#1235 = ORIENTED_EDGE('',*,*,#1236,.T.);
#1236 = EDGE_CURVE('',#1237,#1239,#1241,.T.);
#1237 = VERTEX_POINT('',#1238);
#1238 = CARTESIAN_POINT('',(14.337438302721,-27.221608,44.958));
#1239 = VERTEX_POINT('',#1240);
#1240 = CARTESIAN_POINT('',(-14.33743837745,-27.221608,44.958));
#1241 = LINE('',#1242,#1243);
#1242 = CARTESIAN_POINT('',(-7.602800895874,-27.221608,44.958));
#1243 = VECTOR('',#1244,1.);
#1244 = DIRECTION('',(-1.,-1.362860280192E-15,0.));
#1245 = ORIENTED_EDGE('',*,*,#1246,.T.);
#1246 = EDGE_CURVE('',#1239,#1247,#1249,.T.);
#1247 = VERTEX_POINT('',#1248);
#1248 = CARTESIAN_POINT('',(-14.337439,-23.411608,44.958));
#1249 = CIRCLE('',#1250,1.905);
#1250 = AXIS2_PLACEMENT_3D('',#1251,#1252,#1253);
#1251 = CARTESIAN_POINT('',(-14.337439,-25.316608,44.958));
#1252 = DIRECTION('',(0.,0.,-1.));
#1253 = DIRECTION('',(1.,0.,0.));
#1254 = ORIENTED_EDGE('',*,*,#1255,.T.);
#1255 = EDGE_CURVE('',#1247,#1256,#1258,.T.);
#1256 = VERTEX_POINT('',#1257);
#1257 = CARTESIAN_POINT('',(14.337439037367,-23.411608,44.958));
#1258 = LINE('',#1259,#1260);
#1259 = CARTESIAN_POINT('',(6.734637811537,-23.411608,44.958));
#1260 = VECTOR('',#1261,1.);
#1261 = DIRECTION('',(1.,0.,0.));
#1262 = ORIENTED_EDGE('',*,*,#1263,.T.);
#1263 = EDGE_CURVE('',#1256,#1237,#1264,.T.);
#1264 = CIRCLE('',#1265,1.905);
#1265 = AXIS2_PLACEMENT_3D('',#1266,#1267,#1268);
#1266 = CARTESIAN_POINT('',(14.337439037367,-25.316608,44.958));
#1267 = DIRECTION('',(0.,0.,-1.));
#1268 = DIRECTION('',(1.,0.,0.));
#1269 = FACE_BOUND('',#1270,.T.);
#1270 = EDGE_LOOP('',(#1271));
#1271 = ORIENTED_EDGE('',*,*,#1272,.F.);
#1272 = EDGE_CURVE('',#1273,#1273,#1275,.T.);
#1273 = VERTEX_POINT('',#1274);
#1274 = CARTESIAN_POINT('',(25.804263,-43.438538,44.958));
#1275 = CIRCLE('',#1276,4.064);
#1276 = AXIS2_PLACEMENT_3D('',#1277,#1278,#1279);
#1277 = CARTESIAN_POINT('',(21.740263,-43.438538,44.958));
#1278 = DIRECTION('',(0.,0.,1.));
#1279 = DIRECTION('',(1.,0.,0.));
#1280 = FACE_BOUND('',#1281,.T.);
#1281 = EDGE_LOOP('',(#1282));
#1282 = ORIENTED_EDGE('',*,*,#1283,.T.);
#1283 = EDGE_CURVE('',#1284,#1284,#1286,.T.);
#1284 = VERTEX_POINT('',#1285);
#1285 = CARTESIAN_POINT('',(-14.224,1.010466,44.958));
#1286 = CIRCLE('',#1287,1.651);
#1287 = AXIS2_PLACEMENT_3D('',#1288,#1289,#1290);
#1288 = CARTESIAN_POINT('',(-15.875,1.010466,44.958));
#1289 = DIRECTION('',(0.,0.,-1.));
#1290 = DIRECTION('',(1.,0.,0.));
#1291 = FACE_BOUND('',#1292,.T.);
#1292 = EDGE_LOOP('',(#1293,#1303,#1312,#1320));
#1293 = ORIENTED_EDGE('',*,*,#1294,.F.);
#1294 = EDGE_CURVE('',#1295,#1297,#1299,.T.);
#1295 = VERTEX_POINT('',#1296);
#1296 = CARTESIAN_POINT('',(-1.524,-1.976065035417,44.958));
#1297 = VERTEX_POINT('',#1298);
#1298 = CARTESIAN_POINT('',(-1.524,6.32688427706,44.958));
#1299 = LINE('',#1300,#1301);
#1300 = CARTESIAN_POINT('',(-1.524,3.16344213853,44.958));
#1301 = VECTOR('',#1302,1.);
#1302 = DIRECTION('',(0.,1.,0.));
#1303 = ORIENTED_EDGE('',*,*,#1304,.T.);
#1304 = EDGE_CURVE('',#1295,#1305,#1307,.T.);
#1305 = VERTEX_POINT('',#1306);
#1306 = CARTESIAN_POINT('',(-17.09603343171,24.997529233346,44.958));
#1307 = CIRCLE('',#1308,18.923);
#1308 = AXIS2_PLACEMENT_3D('',#1309,#1310,#1311);
#1309 = CARTESIAN_POINT('',(2.7E-15,16.885466,44.958));
#1310 = DIRECTION('',(0.,0.,-1.));
#1311 = DIRECTION('',(1.,0.,0.));
#1312 = ORIENTED_EDGE('',*,*,#1313,.T.);
#1313 = EDGE_CURVE('',#1305,#1314,#1316,.T.);
#1314 = VERTEX_POINT('',#1315);
#1315 = CARTESIAN_POINT('',(-9.905536390534,20.846093831015,44.958));
#1316 = LINE('',#1317,#1318);
#1317 = CARTESIAN_POINT('',(-2.00320981761,16.283683456913,44.958));
#1318 = VECTOR('',#1319,1.);
#1319 = DIRECTION('',(0.866025403784,-0.5,0.));
#1320 = ORIENTED_EDGE('',*,*,#1321,.F.);
#1321 = EDGE_CURVE('',#1297,#1314,#1322,.T.);
#1322 = CIRCLE('',#1323,10.668);
#1323 = AXIS2_PLACEMENT_3D('',#1324,#1325,#1326);
#1324 = CARTESIAN_POINT('',(0.,16.885466,44.958));
#1325 = DIRECTION('',(0.,0.,-1.));
#1326 = DIRECTION('',(1.,0.,0.));
#1327 = FACE_BOUND('',#1328,.T.);
#1328 = EDGE_LOOP('',(#1329));
#1329 = ORIENTED_EDGE('',*,*,#1330,.T.);
#1330 = EDGE_CURVE('',#1331,#1331,#1333,.T.);
#1331 = VERTEX_POINT('',#1332);
#1332 = CARTESIAN_POINT('',(-14.224,32.760466,44.958));
#1333 = CIRCLE('',#1334,1.651);
#1334 = AXIS2_PLACEMENT_3D('',#1335,#1336,#1337);
#1335 = CARTESIAN_POINT('',(-15.875,32.760466,44.958));
#1336 = DIRECTION('',(0.,0.,-1.));
#1337 = DIRECTION('',(1.,0.,0.));
#1338 = FACE_BOUND('',#1339,.T.);
#1339 = EDGE_LOOP('',(#1340));
#1340 = ORIENTED_EDGE('',*,*,#1341,.F.);
#1341 = EDGE_CURVE('',#1342,#1342,#1344,.T.);
#1342 = VERTEX_POINT('',#1343);
#1343 = CARTESIAN_POINT('',(-21.04535393815,43.102746603913,44.958));
#1344 = CIRCLE('',#1345,4.064);
#1345 = AXIS2_PLACEMENT_3D('',#1346,#1347,#1348);
#1346 = CARTESIAN_POINT('',(-25.10935393815,43.102746603913,44.958));
#1347 = DIRECTION('',(0.,0.,1.));
#1348 = DIRECTION('',(1.,0.,0.));
#1349 = FACE_BOUND('',#1350,.T.);
#1350 = EDGE_LOOP('',(#1351,#1362,#1370,#1379));
#1351 = ORIENTED_EDGE('',*,*,#1352,.T.);
#1352 = EDGE_CURVE('',#1353,#1355,#1357,.T.);
#1353 = VERTEX_POINT('',#1354);
#1354 = CARTESIAN_POINT('',(17.09656503094,24.996408802341,44.958));
#1355 = VERTEX_POINT('',#1356);
#1356 = CARTESIAN_POINT('',(1.524,-1.976065035417,44.958));
#1357 = CIRCLE('',#1358,18.923);
#1358 = AXIS2_PLACEMENT_3D('',#1359,#1360,#1361);
#1359 = CARTESIAN_POINT('',(2.7E-15,16.885466,44.958));
#1360 = DIRECTION('',(0.,0.,-1.));
#1361 = DIRECTION('',(1.,0.,0.));
#1362 = ORIENTED_EDGE('',*,*,#1363,.T.);
#1363 = EDGE_CURVE('',#1355,#1364,#1366,.T.);
#1364 = VERTEX_POINT('',#1365);
#1365 = CARTESIAN_POINT('',(1.524,6.32688427706,44.958));
#1366 = LINE('',#1367,#1368);
#1367 = CARTESIAN_POINT('',(1.524,3.16344213853,44.958));
#1368 = VECTOR('',#1369,1.);
#1369 = DIRECTION('',(0.,1.,0.));
#1370 = ORIENTED_EDGE('',*,*,#1371,.F.);
#1371 = EDGE_CURVE('',#1372,#1364,#1374,.T.);
#1372 = VERTEX_POINT('',#1373);
#1373 = CARTESIAN_POINT('',(9.906,20.844934146102,44.958));
#1374 = CIRCLE('',#1375,10.668);
#1375 = AXIS2_PLACEMENT_3D('',#1376,#1377,#1378);
#1376 = CARTESIAN_POINT('',(0.,16.885466,44.958));
#1377 = DIRECTION('',(0.,0.,-1.));
#1378 = DIRECTION('',(1.,0.,0.));
#1379 = ORIENTED_EDGE('',*,*,#1380,.T.);
#1380 = EDGE_CURVE('',#1372,#1353,#1381,.T.);
#1381 = LINE('',#1382,#1383);
#1382 = CARTESIAN_POINT('',(4.947910607426,17.982379900633,44.958));
#1383 = VECTOR('',#1384,1.);
#1384 = DIRECTION('',(0.866025403784,0.5,0.));
#1385 = FACE_BOUND('',#1386,.T.);
#1386 = EDGE_LOOP('',(#1387));
#1387 = ORIENTED_EDGE('',*,*,#1388,.T.);
#1388 = EDGE_CURVE('',#1389,#1389,#1391,.T.);
#1389 = VERTEX_POINT('',#1390);
#1390 = CARTESIAN_POINT('',(17.526,1.010466,44.958));
#1391 = CIRCLE('',#1392,1.651);
#1392 = AXIS2_PLACEMENT_3D('',#1393,#1394,#1395);
#1393 = CARTESIAN_POINT('',(15.875,1.010466,44.958));
#1394 = DIRECTION('',(0.,0.,-1.));
#1395 = DIRECTION('',(1.,0.,0.));
#1396 = FACE_BOUND('',#1397,.T.);
#1397 = EDGE_LOOP('',(#1398,#1409,#1417,#1426));
#1398 = ORIENTED_EDGE('',*,*,#1399,.F.);
#1399 = EDGE_CURVE('',#1400,#1402,#1404,.T.);
#1400 = VERTEX_POINT('',#1401);
#1401 = CARTESIAN_POINT('',(-8.325660453038,23.453479266637,44.958));
#1402 = VERTEX_POINT('',#1403);
#1403 = CARTESIAN_POINT('',(8.326434033842,23.452498551318,44.958));
#1404 = CIRCLE('',#1405,10.6045);
#1405 = AXIS2_PLACEMENT_3D('',#1406,#1407,#1408);
#1406 = CARTESIAN_POINT('',(0.,16.885466,44.958));
#1407 = DIRECTION('',(0.,0.,-1.));
#1408 = DIRECTION('',(1.,0.,0.));
#1409 = ORIENTED_EDGE('',*,*,#1410,.T.);
#1410 = EDGE_CURVE('',#1400,#1411,#1413,.T.);
#1411 = VERTEX_POINT('',#1412);
#1412 = CARTESIAN_POINT('',(-15.57186044195,27.637074780841,44.958));
#1413 = LINE('',#1414,#1415);
#1414 = CARTESIAN_POINT('',(-4.074371844957,20.99899664436,44.958));
#1415 = VECTOR('',#1416,1.);
#1416 = DIRECTION('',(-0.866025403784,0.5,0.));
#1417 = ORIENTED_EDGE('',*,*,#1418,.T.);
#1418 = EDGE_CURVE('',#1411,#1419,#1421,.T.);
#1419 = VERTEX_POINT('',#1420);
#1420 = CARTESIAN_POINT('',(15.57256503094,27.636054233076,44.958));
#1421 = CIRCLE('',#1422,19.05);
#1422 = AXIS2_PLACEMENT_3D('',#1423,#1424,#1425);
#1423 = CARTESIAN_POINT('',(-7.2742478125E-06,16.663475147022,44.958));
#1424 = DIRECTION('',(0.,0.,-1.));
#1425 = DIRECTION('',(1.,0.,0.));
#1426 = ORIENTED_EDGE('',*,*,#1427,.T.);
#1427 = EDGE_CURVE('',#1419,#1402,#1428,.T.);
#1428 = LINE('',#1429,#1430);
#1429 = CARTESIAN_POINT('',(-0.199154891123,18.53024749049,44.958));
#1430 = VECTOR('',#1431,1.);
#1431 = DIRECTION('',(-0.866025403784,-0.5,0.));
#1432 = FACE_BOUND('',#1433,.T.);
#1433 = EDGE_LOOP('',(#1434));
#1434 = ORIENTED_EDGE('',*,*,#1435,.T.);
#1435 = EDGE_CURVE('',#1436,#1436,#1438,.T.);
#1436 = VERTEX_POINT('',#1437);
#1437 = CARTESIAN_POINT('',(17.526,32.760466,44.958));
#1438 = CIRCLE('',#1439,1.651);
#1439 = AXIS2_PLACEMENT_3D('',#1440,#1441,#1442);
#1440 = CARTESIAN_POINT('',(15.875,32.760466,44.958));
#1441 = DIRECTION('',(0.,0.,-1.));
#1442 = DIRECTION('',(1.,0.,0.));
#1443 = FACE_BOUND('',#1444,.T.);
#1444 = EDGE_LOOP('',(#1445));
#1445 = ORIENTED_EDGE('',*,*,#1446,.F.);
#1446 = EDGE_CURVE('',#1447,#1447,#1449,.T.);
#1447 = VERTEX_POINT('',#1448);
#1448 = CARTESIAN_POINT('',(25.804263,43.102746603913,44.958));
#1449 = CIRCLE('',#1450,4.064);
#1450 = AXIS2_PLACEMENT_3D('',#1451,#1452,#1453);
#1451 = CARTESIAN_POINT('',(21.740263,43.102746603913,44.958));
#1452 = DIRECTION('',(0.,0.,1.));
#1453 = DIRECTION('',(1.,0.,0.));
#1454 = PLANE('',#1455);
#1455 = AXIS2_PLACEMENT_3D('',#1456,#1457,#1458);
#1456 = CARTESIAN_POINT('',(-0.868163414293,-1.975146172389E-15,44.958)
  );
#1457 = DIRECTION('',(0.,0.,1.));
#1458 = DIRECTION('',(1.,0.,0.));
#1459 = ADVANCED_FACE('',(#1460),#1471,.F.);
#1460 = FACE_BOUND('',#1461,.F.);
#1461 = EDGE_LOOP('',(#1462,#1468,#1469,#1470));
#1462 = ORIENTED_EDGE('',*,*,#1463,.F.);
#1463 = EDGE_CURVE('',#338,#649,#1464,.T.);
#1464 = LINE('',#1465,#1466);
#1465 = CARTESIAN_POINT('',(30.881836585707,-13.49263032188,35.179));
#1466 = VECTOR('',#1467,1.);
#1467 = DIRECTION('',(-1.,-0.,-0.));
#1468 = ORIENTED_EDGE('',*,*,#337,.F.);
#1469 = ORIENTED_EDGE('',*,*,#1463,.T.);
#1470 = ORIENTED_EDGE('',*,*,#648,.T.);
#1471 = CYLINDRICAL_SURFACE('',#1472,0.9525);
#1472 = AXIS2_PLACEMENT_3D('',#1473,#1474,#1475);
#1473 = CARTESIAN_POINT('',(30.881836585707,-14.44513032188,35.179));
#1474 = DIRECTION('',(1.,0.,0.));
#1475 = DIRECTION('',(0.,1.,0.));
#1476 = ADVANCED_FACE('',(#1477),#1488,.F.);
#1477 = FACE_BOUND('',#1478,.F.);
#1478 = EDGE_LOOP('',(#1479,#1485,#1486,#1487));
#1479 = ORIENTED_EDGE('',*,*,#1480,.F.);
#1480 = EDGE_CURVE('',#447,#1006,#1481,.T.);
#1481 = LINE('',#1482,#1483);
#1482 = CARTESIAN_POINT('',(-32.61816341429,-18.50913032188,35.179));
#1483 = VECTOR('',#1484,1.);
#1484 = DIRECTION('',(1.,0.,0.));
#1485 = ORIENTED_EDGE('',*,*,#446,.F.);
#1486 = ORIENTED_EDGE('',*,*,#1480,.T.);
#1487 = ORIENTED_EDGE('',*,*,#1005,.T.);
#1488 = CYLINDRICAL_SURFACE('',#1489,4.064);
#1489 = AXIS2_PLACEMENT_3D('',#1490,#1491,#1492);
#1490 = CARTESIAN_POINT('',(-32.61816341429,-14.44513032188,35.179));
#1491 = DIRECTION('',(-1.,0.,0.));
#1492 = DIRECTION('',(0.,-1.,0.));
#1493 = ADVANCED_FACE('',(#1494),#1520,.F.);
#1494 = FACE_BOUND('',#1495,.F.);
#1495 = EDGE_LOOP('',(#1496,#1504,#1512,#1518,#1519));
#1496 = ORIENTED_EDGE('',*,*,#1497,.F.);
#1497 = EDGE_CURVE('',#1498,#514,#1500,.T.);
#1498 = VERTEX_POINT('',#1499);
#1499 = CARTESIAN_POINT('',(-20.2248,-38.5895,42.418));
#1500 = LINE('',#1501,#1502);
#1501 = CARTESIAN_POINT('',(-20.2248,-38.5895,42.418));
#1502 = VECTOR('',#1503,1.);
#1503 = DIRECTION('',(0.,-1.,0.));
#1504 = ORIENTED_EDGE('',*,*,#1505,.T.);
#1505 = EDGE_CURVE('',#1498,#1506,#1508,.T.);
#1506 = VERTEX_POINT('',#1507);
#1507 = CARTESIAN_POINT('',(-20.2248,-38.5895,22.606));
#1508 = LINE('',#1509,#1510);
#1509 = CARTESIAN_POINT('',(-20.2248,-38.5895,42.418));
#1510 = VECTOR('',#1511,1.);
#1511 = DIRECTION('',(0.,0.,-1.));
#1512 = ORIENTED_EDGE('',*,*,#1513,.F.);
#1513 = EDGE_CURVE('',#491,#1506,#1514,.T.);
#1514 = LINE('',#1515,#1516);
#1515 = CARTESIAN_POINT('',(-20.2248,-19.29475,22.606));
#1516 = VECTOR('',#1517,1.);
#1517 = DIRECTION('',(0.,1.,0.));
#1518 = ORIENTED_EDGE('',*,*,#498,.F.);
#1519 = ORIENTED_EDGE('',*,*,#513,.F.);
#1520 = PLANE('',#1521);
#1521 = AXIS2_PLACEMENT_3D('',#1522,#1523,#1524);
#1522 = CARTESIAN_POINT('',(-20.2248,-38.5895,42.418));
#1523 = DIRECTION('',(-1.,-0.,-0.));
#1524 = DIRECTION('',(0.,-1.,0.));
#1525 = ADVANCED_FACE('',(#1526,#1538),#1549,.F.);
#1526 = FACE_BOUND('',#1527,.F.);
#1527 = EDGE_LOOP('',(#1528,#1529,#1530,#1531,#1532));
#1528 = ORIENTED_EDGE('',*,*,#1039,.T.);
#1529 = ORIENTED_EDGE('',*,*,#1055,.T.);
#1530 = ORIENTED_EDGE('',*,*,#490,.F.);
#1531 = ORIENTED_EDGE('',*,*,#1513,.T.);
#1532 = ORIENTED_EDGE('',*,*,#1533,.F.);
#1533 = EDGE_CURVE('',#1023,#1506,#1534,.T.);
#1534 = LINE('',#1535,#1536);
#1535 = CARTESIAN_POINT('',(-10.54648170714,-38.5895,22.606));
#1536 = VECTOR('',#1537,1.);
#1537 = DIRECTION('',(1.,0.,0.));
#1538 = FACE_BOUND('',#1539,.F.);
#1539 = EDGE_LOOP('',(#1540));
#1540 = ORIENTED_EDGE('',*,*,#1541,.F.);
#1541 = EDGE_CURVE('',#1542,#1542,#1544,.T.);
#1542 = VERTEX_POINT('',#1543);
#1543 = CARTESIAN_POINT('',(-22.95035393815,-43.438538,22.606));
#1544 = CIRCLE('',#1545,2.159);
#1545 = AXIS2_PLACEMENT_3D('',#1546,#1547,#1548);
#1546 = CARTESIAN_POINT('',(-25.10935393815,-43.438538,22.606));
#1547 = DIRECTION('',(0.,0.,1.));
#1548 = DIRECTION('',(1.,0.,0.));
#1549 = PLANE('',#1550);
#1550 = AXIS2_PLACEMENT_3D('',#1551,#1552,#1553);
#1551 = CARTESIAN_POINT('',(-0.868163414293,-1.724416367355E-15,22.606)
  );
#1552 = DIRECTION('',(0.,0.,1.));
#1553 = DIRECTION('',(1.,0.,0.));
#1554 = ADVANCED_FACE('',(#1555),#1581,.F.);
#1555 = FACE_BOUND('',#1556,.F.);
#1556 = EDGE_LOOP('',(#1557,#1565,#1566,#1567,#1575));
#1557 = ORIENTED_EDGE('',*,*,#1558,.F.);
#1558 = EDGE_CURVE('',#522,#1559,#1561,.T.);
#1559 = VERTEX_POINT('',#1560);
#1560 = CARTESIAN_POINT('',(16.877439,-38.5895,42.418));
#1561 = LINE('',#1562,#1563);
#1562 = CARTESIAN_POINT('',(16.877439,-48.26,42.418));
#1563 = VECTOR('',#1564,1.);
#1564 = DIRECTION('',(0.,1.,0.));
#1565 = ORIENTED_EDGE('',*,*,#529,.T.);
#1566 = ORIENTED_EDGE('',*,*,#544,.T.);
#1567 = ORIENTED_EDGE('',*,*,#1568,.F.);
#1568 = EDGE_CURVE('',#1569,#545,#1571,.T.);
#1569 = VERTEX_POINT('',#1570);
#1570 = CARTESIAN_POINT('',(16.877439,-38.5895,22.606));
#1571 = LINE('',#1572,#1573);
#1572 = CARTESIAN_POINT('',(16.877439,-24.13,22.606));
#1573 = VECTOR('',#1574,1.);
#1574 = DIRECTION('',(0.,-1.,0.));
#1575 = ORIENTED_EDGE('',*,*,#1576,.F.);
#1576 = EDGE_CURVE('',#1559,#1569,#1577,.T.);
#1577 = LINE('',#1578,#1579);
#1578 = CARTESIAN_POINT('',(16.877439,-38.5895,42.418));
#1579 = VECTOR('',#1580,1.);
#1580 = DIRECTION('',(0.,0.,-1.));
#1581 = PLANE('',#1582);
#1582 = AXIS2_PLACEMENT_3D('',#1583,#1584,#1585);
#1583 = CARTESIAN_POINT('',(16.877439,-48.26,42.418));
#1584 = DIRECTION('',(1.,0.,0.));
#1585 = DIRECTION('',(0.,1.,0.));
#1586 = ADVANCED_FACE('',(#1587,#1644,#1680,#1716,#1752,#1788),#1824,.F.
  );
#1587 = FACE_BOUND('',#1588,.F.);
#1588 = EDGE_LOOP('',(#1589,#1595,#1596,#1597,#1598,#1604,#1605,#1613,
    #1621,#1629,#1637,#1643));
#1589 = ORIENTED_EDGE('',*,*,#1590,.F.);
#1590 = EDGE_CURVE('',#1498,#990,#1591,.T.);
#1591 = LINE('',#1592,#1593);
#1592 = CARTESIAN_POINT('',(-20.2248,-38.5895,42.418));
#1593 = VECTOR('',#1594,1.);
#1594 = DIRECTION('',(-1.,0.,0.));
#1595 = ORIENTED_EDGE('',*,*,#1497,.T.);
#1596 = ORIENTED_EDGE('',*,*,#521,.T.);
#1597 = ORIENTED_EDGE('',*,*,#1558,.T.);
#1598 = ORIENTED_EDGE('',*,*,#1599,.F.);
#1599 = EDGE_CURVE('',#625,#1559,#1600,.T.);
#1600 = LINE('',#1601,#1602);
#1601 = CARTESIAN_POINT('',(28.341836585707,-38.5895,42.418));
#1602 = VECTOR('',#1603,1.);
#1603 = DIRECTION('',(-1.,0.,0.));
#1604 = ORIENTED_EDGE('',*,*,#632,.T.);
#1605 = ORIENTED_EDGE('',*,*,#1606,.T.);
#1606 = EDGE_CURVE('',#633,#1607,#1609,.T.);
#1607 = VERTEX_POINT('',#1608);
#1608 = CARTESIAN_POINT('',(8.529836585707,-7.333130321881,42.418));
#1609 = LINE('',#1610,#1611);
#1610 = CARTESIAN_POINT('',(28.341836585707,-7.333130321881,42.418));
#1611 = VECTOR('',#1612,1.);
#1612 = DIRECTION('',(-1.,0.,0.));
#1613 = ORIENTED_EDGE('',*,*,#1614,.T.);
#1614 = EDGE_CURVE('',#1607,#1615,#1617,.T.);
#1615 = VERTEX_POINT('',#1616);
#1616 = CARTESIAN_POINT('',(8.529836585707,-22.886717,42.418));
#1617 = LINE('',#1618,#1619);
#1618 = CARTESIAN_POINT('',(8.529836585707,-7.333130321881,42.418));
#1619 = VECTOR('',#1620,1.);
#1620 = DIRECTION('',(0.,-1.,0.));
#1621 = ORIENTED_EDGE('',*,*,#1622,.T.);
#1622 = EDGE_CURVE('',#1615,#1623,#1625,.T.);
#1623 = VERTEX_POINT('',#1624);
#1624 = CARTESIAN_POINT('',(5.989836585707,-22.886717,42.418));
#1625 = LINE('',#1626,#1627);
#1626 = CARTESIAN_POINT('',(8.529836585707,-22.886717,42.418));
#1627 = VECTOR('',#1628,1.);
#1628 = DIRECTION('',(-1.,0.,0.));
#1629 = ORIENTED_EDGE('',*,*,#1630,.T.);
#1630 = EDGE_CURVE('',#1623,#1631,#1633,.T.);
#1631 = VERTEX_POINT('',#1632);
#1632 = CARTESIAN_POINT('',(5.989836585707,-7.333130321881,42.418));
#1633 = LINE('',#1634,#1635);
#1634 = CARTESIAN_POINT('',(5.989836585707,-22.886717,42.418));
#1635 = VECTOR('',#1636,1.);
#1636 = DIRECTION('',(0.,1.,0.));
#1637 = ORIENTED_EDGE('',*,*,#1638,.T.);
#1638 = EDGE_CURVE('',#1631,#982,#1639,.T.);
#1639 = LINE('',#1640,#1641);
#1640 = CARTESIAN_POINT('',(28.341836585707,-7.333130321881,42.418));
#1641 = VECTOR('',#1642,1.);
#1642 = DIRECTION('',(-1.,0.,0.));
#1643 = ORIENTED_EDGE('',*,*,#989,.T.);
#1644 = FACE_BOUND('',#1645,.F.);
#1645 = EDGE_LOOP('',(#1646,#1656,#1665,#1673));
#1646 = ORIENTED_EDGE('',*,*,#1647,.F.);
#1647 = EDGE_CURVE('',#1648,#1650,#1652,.T.);
#1648 = VERTEX_POINT('',#1649);
#1649 = CARTESIAN_POINT('',(14.337439,-43.815,42.418));
#1650 = VERTEX_POINT('',#1651);
#1651 = CARTESIAN_POINT('',(-14.337439,-43.815,42.418));
#1652 = LINE('',#1653,#1654);
#1653 = CARTESIAN_POINT('',(14.337439,-43.815,42.418));
#1654 = VECTOR('',#1655,1.);
#1655 = DIRECTION('',(-1.,0.,0.));
#1656 = ORIENTED_EDGE('',*,*,#1657,.T.);
#1657 = EDGE_CURVE('',#1648,#1658,#1660,.T.);
#1658 = VERTEX_POINT('',#1659);
#1659 = CARTESIAN_POINT('',(14.337439,-47.625,42.418));
#1660 = CIRCLE('',#1661,1.905);
#1661 = AXIS2_PLACEMENT_3D('',#1662,#1663,#1664);
#1662 = CARTESIAN_POINT('',(14.337439,-45.72,42.418));
#1663 = DIRECTION('',(0.,0.,-1.));
#1664 = DIRECTION('',(1.,0.,0.));
#1665 = ORIENTED_EDGE('',*,*,#1666,.F.);
#1666 = EDGE_CURVE('',#1667,#1658,#1669,.T.);
#1667 = VERTEX_POINT('',#1668);
#1668 = CARTESIAN_POINT('',(-14.337439,-47.625,42.418));
#1669 = LINE('',#1670,#1671);
#1670 = CARTESIAN_POINT('',(-14.337439,-47.625,42.418));
#1671 = VECTOR('',#1672,1.);
#1672 = DIRECTION('',(1.,0.,0.));
#1673 = ORIENTED_EDGE('',*,*,#1674,.T.);
#1674 = EDGE_CURVE('',#1667,#1650,#1675,.T.);
#1675 = CIRCLE('',#1676,1.905);
#1676 = AXIS2_PLACEMENT_3D('',#1677,#1678,#1679);
#1677 = CARTESIAN_POINT('',(-14.337439,-45.72,42.418));
#1678 = DIRECTION('',(0.,0.,-1.));
#1679 = DIRECTION('',(1.,0.,0.));
#1680 = FACE_BOUND('',#1681,.F.);
#1681 = EDGE_LOOP('',(#1682,#1692,#1701,#1709));
#1682 = ORIENTED_EDGE('',*,*,#1683,.F.);
#1683 = EDGE_CURVE('',#1684,#1686,#1688,.T.);
#1684 = VERTEX_POINT('',#1685);
#1685 = CARTESIAN_POINT('',(-14.33743837745,-42.524152,42.418));
#1686 = VERTEX_POINT('',#1687);
#1687 = CARTESIAN_POINT('',(14.337438302721,-42.524152,42.418));
#1688 = LINE('',#1689,#1690);
#1689 = CARTESIAN_POINT('',(-14.33743837745,-42.524152,42.418));
#1690 = VECTOR('',#1691,1.);
#1691 = DIRECTION('',(1.,1.4867566693E-15,0.));
#1692 = ORIENTED_EDGE('',*,*,#1693,.T.);
#1693 = EDGE_CURVE('',#1684,#1694,#1696,.T.);
#1694 = VERTEX_POINT('',#1695);
#1695 = CARTESIAN_POINT('',(-14.337439,-38.714152,42.418));
#1696 = CIRCLE('',#1697,1.905);
#1697 = AXIS2_PLACEMENT_3D('',#1698,#1699,#1700);
#1698 = CARTESIAN_POINT('',(-14.337439,-40.619152,42.418));
#1699 = DIRECTION('',(0.,0.,-1.));
#1700 = DIRECTION('',(1.,0.,0.));
#1701 = ORIENTED_EDGE('',*,*,#1702,.F.);
#1702 = EDGE_CURVE('',#1703,#1694,#1705,.T.);
#1703 = VERTEX_POINT('',#1704);
#1704 = CARTESIAN_POINT('',(14.337439037367,-38.714152,42.418));
#1705 = LINE('',#1706,#1707);
#1706 = CARTESIAN_POINT('',(14.337439037367,-38.714152,42.418));
#1707 = VECTOR('',#1708,1.);
#1708 = DIRECTION('',(-1.,0.,0.));
#1709 = ORIENTED_EDGE('',*,*,#1710,.T.);
#1710 = EDGE_CURVE('',#1703,#1686,#1711,.T.);
#1711 = CIRCLE('',#1712,1.905);
#1712 = AXIS2_PLACEMENT_3D('',#1713,#1714,#1715);
#1713 = CARTESIAN_POINT('',(14.337439037367,-40.619152,42.418));
#1714 = DIRECTION('',(0.,0.,-1.));
#1715 = DIRECTION('',(1.,0.,0.));
#1716 = FACE_BOUND('',#1717,.F.);
#1717 = EDGE_LOOP('',(#1718,#1728,#1737,#1745));
#1718 = ORIENTED_EDGE('',*,*,#1719,.F.);
#1719 = EDGE_CURVE('',#1720,#1722,#1724,.T.);
#1720 = VERTEX_POINT('',#1721);
#1721 = CARTESIAN_POINT('',(-14.33743837745,-32.322456,42.418));
#1722 = VERTEX_POINT('',#1723);
#1723 = CARTESIAN_POINT('',(14.337438302721,-32.322456,42.418));
#1724 = LINE('',#1725,#1726);
#1725 = CARTESIAN_POINT('',(-14.33743837745,-32.322456,42.418));
#1726 = VECTOR('',#1727,1.);
#1727 = DIRECTION('',(1.,9.911711128666E-16,0.));
#1728 = ORIENTED_EDGE('',*,*,#1729,.T.);
#1729 = EDGE_CURVE('',#1720,#1730,#1732,.T.);
#1730 = VERTEX_POINT('',#1731);
#1731 = CARTESIAN_POINT('',(-14.337439,-28.512456,42.418));
#1732 = CIRCLE('',#1733,1.905);
#1733 = AXIS2_PLACEMENT_3D('',#1734,#1735,#1736);
#1734 = CARTESIAN_POINT('',(-14.337439,-30.417456,42.418));
#1735 = DIRECTION('',(0.,0.,-1.));
#1736 = DIRECTION('',(1.,0.,0.));
#1737 = ORIENTED_EDGE('',*,*,#1738,.F.);
#1738 = EDGE_CURVE('',#1739,#1730,#1741,.T.);
#1739 = VERTEX_POINT('',#1740);
#1740 = CARTESIAN_POINT('',(14.337439,-28.512456,42.418));
#1741 = LINE('',#1742,#1743);
#1742 = CARTESIAN_POINT('',(14.337439,-28.512456,42.418));
#1743 = VECTOR('',#1744,1.);
#1744 = DIRECTION('',(-1.,0.,0.));
#1745 = ORIENTED_EDGE('',*,*,#1746,.T.);
#1746 = EDGE_CURVE('',#1739,#1722,#1747,.T.);
#1747 = CIRCLE('',#1748,1.905);
#1748 = AXIS2_PLACEMENT_3D('',#1749,#1750,#1751);
#1749 = CARTESIAN_POINT('',(14.337439,-30.417456,42.418));
#1750 = DIRECTION('',(0.,0.,-1.));
#1751 = DIRECTION('',(1.,0.,0.));
#1752 = FACE_BOUND('',#1753,.F.);
#1753 = EDGE_LOOP('',(#1754,#1764,#1773,#1781));
#1754 = ORIENTED_EDGE('',*,*,#1755,.F.);
#1755 = EDGE_CURVE('',#1756,#1758,#1760,.T.);
#1756 = VERTEX_POINT('',#1757);
#1757 = CARTESIAN_POINT('',(-14.33743837745,-37.423304,42.418));
#1758 = VERTEX_POINT('',#1759);
#1759 = CARTESIAN_POINT('',(14.337438302721,-37.423304,42.418));
#1760 = LINE('',#1761,#1762);
#1761 = CARTESIAN_POINT('',(-14.33743837745,-37.423304,42.418));
#1762 = VECTOR('',#1763,1.);
#1763 = DIRECTION('',(1.,1.4867566693E-15,0.));
#1764 = ORIENTED_EDGE('',*,*,#1765,.T.);
#1765 = EDGE_CURVE('',#1756,#1766,#1768,.T.);
#1766 = VERTEX_POINT('',#1767);
#1767 = CARTESIAN_POINT('',(-14.337439,-33.613304,42.418));
#1768 = CIRCLE('',#1769,1.905);
#1769 = AXIS2_PLACEMENT_3D('',#1770,#1771,#1772);
#1770 = CARTESIAN_POINT('',(-14.337439,-35.518304,42.418));
#1771 = DIRECTION('',(0.,0.,-1.));
#1772 = DIRECTION('',(1.,0.,0.));
#1773 = ORIENTED_EDGE('',*,*,#1774,.F.);
#1774 = EDGE_CURVE('',#1775,#1766,#1777,.T.);
#1775 = VERTEX_POINT('',#1776);
#1776 = CARTESIAN_POINT('',(14.337439037367,-33.613304,42.418));
#1777 = LINE('',#1778,#1779);
#1778 = CARTESIAN_POINT('',(14.337439037367,-33.613304,42.418));
#1779 = VECTOR('',#1780,1.);
#1780 = DIRECTION('',(-1.,0.,0.));
#1781 = ORIENTED_EDGE('',*,*,#1782,.T.);
#1782 = EDGE_CURVE('',#1775,#1758,#1783,.T.);
#1783 = CIRCLE('',#1784,1.905);
#1784 = AXIS2_PLACEMENT_3D('',#1785,#1786,#1787);
#1785 = CARTESIAN_POINT('',(14.337439037367,-35.518304,42.418));
#1786 = DIRECTION('',(0.,0.,-1.));
#1787 = DIRECTION('',(1.,0.,0.));
#1788 = FACE_BOUND('',#1789,.F.);
#1789 = EDGE_LOOP('',(#1790,#1800,#1809,#1817));
#1790 = ORIENTED_EDGE('',*,*,#1791,.F.);
#1791 = EDGE_CURVE('',#1792,#1794,#1796,.T.);
#1792 = VERTEX_POINT('',#1793);
#1793 = CARTESIAN_POINT('',(-14.33743837745,-27.221608,42.418));
#1794 = VERTEX_POINT('',#1795);
#1795 = CARTESIAN_POINT('',(14.337438302721,-27.221608,42.418));
#1796 = LINE('',#1797,#1798);
#1797 = CARTESIAN_POINT('',(-14.33743837745,-27.221608,42.418));
#1798 = VECTOR('',#1799,1.);
#1799 = DIRECTION('',(1.,1.362860280192E-15,0.));
#1800 = ORIENTED_EDGE('',*,*,#1801,.T.);
#1801 = EDGE_CURVE('',#1792,#1802,#1804,.T.);
#1802 = VERTEX_POINT('',#1803);
#1803 = CARTESIAN_POINT('',(-14.337439,-23.411608,42.418));
#1804 = CIRCLE('',#1805,1.905);
#1805 = AXIS2_PLACEMENT_3D('',#1806,#1807,#1808);
#1806 = CARTESIAN_POINT('',(-14.337439,-25.316608,42.418));
#1807 = DIRECTION('',(0.,0.,-1.));
#1808 = DIRECTION('',(1.,0.,0.));
#1809 = ORIENTED_EDGE('',*,*,#1810,.F.);
#1810 = EDGE_CURVE('',#1811,#1802,#1813,.T.);
#1811 = VERTEX_POINT('',#1812);
#1812 = CARTESIAN_POINT('',(14.337439037367,-23.411608,42.418));
#1813 = LINE('',#1814,#1815);
#1814 = CARTESIAN_POINT('',(14.337439037367,-23.411608,42.418));
#1815 = VECTOR('',#1816,1.);
#1816 = DIRECTION('',(-1.,0.,0.));
#1817 = ORIENTED_EDGE('',*,*,#1818,.T.);
#1818 = EDGE_CURVE('',#1811,#1794,#1819,.T.);
#1819 = CIRCLE('',#1820,1.905);
#1820 = AXIS2_PLACEMENT_3D('',#1821,#1822,#1823);
#1821 = CARTESIAN_POINT('',(14.337439037367,-25.316608,42.418));
#1822 = DIRECTION('',(0.,0.,-1.));
#1823 = DIRECTION('',(1.,0.,0.));
#1824 = PLANE('',#1825);
#1825 = AXIS2_PLACEMENT_3D('',#1826,#1827,#1828);
#1826 = CARTESIAN_POINT('',(-0.868163414293,-1.975146172389E-15,42.418)
  );
#1827 = DIRECTION('',(0.,0.,1.));
#1828 = DIRECTION('',(1.,0.,0.));
#1829 = ADVANCED_FACE('',(#1830,#1842),#1853,.F.);
#1830 = FACE_BOUND('',#1831,.F.);
#1831 = EDGE_LOOP('',(#1832,#1833,#1834,#1835,#1841));
#1832 = ORIENTED_EDGE('',*,*,#552,.F.);
#1833 = ORIENTED_EDGE('',*,*,#576,.T.);
#1834 = ORIENTED_EDGE('',*,*,#601,.F.);
#1835 = ORIENTED_EDGE('',*,*,#1836,.F.);
#1836 = EDGE_CURVE('',#1569,#602,#1837,.T.);
#1837 = LINE('',#1838,#1839);
#1838 = CARTESIAN_POINT('',(13.736836585707,-38.5895,22.606));
#1839 = VECTOR('',#1840,1.);
#1840 = DIRECTION('',(1.,0.,0.));
#1841 = ORIENTED_EDGE('',*,*,#1568,.T.);
#1842 = FACE_BOUND('',#1843,.F.);
#1843 = EDGE_LOOP('',(#1844));
#1844 = ORIENTED_EDGE('',*,*,#1845,.F.);
#1845 = EDGE_CURVE('',#1846,#1846,#1848,.T.);
#1846 = VERTEX_POINT('',#1847);
#1847 = CARTESIAN_POINT('',(23.899263,-43.438538,22.606));
#1848 = CIRCLE('',#1849,2.159);
#1849 = AXIS2_PLACEMENT_3D('',#1850,#1851,#1852);
#1850 = CARTESIAN_POINT('',(21.740263,-43.438538,22.606));
#1851 = DIRECTION('',(0.,0.,1.));
#1852 = DIRECTION('',(1.,0.,0.));
#1853 = PLANE('',#1854);
#1854 = AXIS2_PLACEMENT_3D('',#1855,#1856,#1857);
#1855 = CARTESIAN_POINT('',(-0.868163414293,-1.724416367355E-15,22.606)
  );
#1856 = DIRECTION('',(0.,0.,1.));
#1857 = DIRECTION('',(1.,0.,0.));
#1858 = ADVANCED_FACE('',(#1859),#1866,.T.);
#1859 = FACE_BOUND('',#1860,.T.);
#1860 = EDGE_LOOP('',(#1861,#1862,#1863,#1864,#1865));
#1861 = ORIENTED_EDGE('',*,*,#1599,.F.);
#1862 = ORIENTED_EDGE('',*,*,#624,.T.);
#1863 = ORIENTED_EDGE('',*,*,#609,.T.);
#1864 = ORIENTED_EDGE('',*,*,#1836,.F.);
#1865 = ORIENTED_EDGE('',*,*,#1576,.F.);
#1866 = PLANE('',#1867);
#1867 = AXIS2_PLACEMENT_3D('',#1868,#1869,#1870);
#1868 = CARTESIAN_POINT('',(28.341836585707,-38.5895,42.418));
#1869 = DIRECTION('',(0.,1.,0.));
#1870 = DIRECTION('',(-1.,0.,0.));
#1871 = ADVANCED_FACE('',(#1872),#1908,.F.);
#1872 = FACE_BOUND('',#1873,.F.);
#1873 = EDGE_LOOP('',(#1874,#1875,#1876,#1877,#1883,#1884,#1885,#1886,
    #1894,#1902));
#1874 = ORIENTED_EDGE('',*,*,#1606,.F.);
#1875 = ORIENTED_EDGE('',*,*,#640,.T.);
#1876 = ORIENTED_EDGE('',*,*,#682,.T.);
#1877 = ORIENTED_EDGE('',*,*,#1878,.T.);
#1878 = EDGE_CURVE('',#675,#951,#1879,.T.);
#1879 = LINE('',#1880,#1881);
#1880 = CARTESIAN_POINT('',(28.341836585707,-7.333130321881,14.512));
#1881 = VECTOR('',#1882,1.);
#1882 = DIRECTION('',(-1.,0.,0.));
#1883 = ORIENTED_EDGE('',*,*,#950,.F.);
#1884 = ORIENTED_EDGE('',*,*,#981,.F.);
#1885 = ORIENTED_EDGE('',*,*,#1638,.F.);
#1886 = ORIENTED_EDGE('',*,*,#1887,.T.);
#1887 = EDGE_CURVE('',#1631,#1888,#1890,.T.);
#1888 = VERTEX_POINT('',#1889);
#1889 = CARTESIAN_POINT('',(5.989836585707,-7.333130321881,25.4));
#1890 = LINE('',#1891,#1892);
#1891 = CARTESIAN_POINT('',(5.989836585707,-7.333130321881,42.418));
#1892 = VECTOR('',#1893,1.);
#1893 = DIRECTION('',(0.,0.,-1.));
#1894 = ORIENTED_EDGE('',*,*,#1895,.F.);
#1895 = EDGE_CURVE('',#1896,#1888,#1898,.T.);
#1896 = VERTEX_POINT('',#1897);
#1897 = CARTESIAN_POINT('',(8.529836585707,-7.333130321881,25.4));
#1898 = LINE('',#1899,#1900);
#1899 = CARTESIAN_POINT('',(2.560836585707,-7.333130321881,25.4));
#1900 = VECTOR('',#1901,1.);
#1901 = DIRECTION('',(-1.,0.,0.));
#1902 = ORIENTED_EDGE('',*,*,#1903,.F.);
#1903 = EDGE_CURVE('',#1607,#1896,#1904,.T.);
#1904 = LINE('',#1905,#1906);
#1905 = CARTESIAN_POINT('',(8.529836585707,-7.333130321881,42.418));
#1906 = VECTOR('',#1907,1.);
#1907 = DIRECTION('',(0.,0.,-1.));
#1908 = PLANE('',#1909);
#1909 = AXIS2_PLACEMENT_3D('',#1910,#1911,#1912);
#1910 = CARTESIAN_POINT('',(28.341836585707,-7.333130321881,42.418));
#1911 = DIRECTION('',(0.,1.,0.));
#1912 = DIRECTION('',(-1.,0.,0.));
#1913 = ADVANCED_FACE('',(#1914),#1925,.F.);
#1914 = FACE_BOUND('',#1915,.T.);
#1915 = EDGE_LOOP('',(#1916,#1922,#1923,#1924));
#1916 = ORIENTED_EDGE('',*,*,#1917,.T.);
#1917 = EDGE_CURVE('',#959,#667,#1918,.T.);
#1918 = LINE('',#1919,#1920);
#1919 = CARTESIAN_POINT('',(-30.07816341429,-4.793130321881,14.512));
#1920 = VECTOR('',#1921,1.);
#1921 = DIRECTION('',(1.,0.,0.));
#1922 = ORIENTED_EDGE('',*,*,#674,.T.);
#1923 = ORIENTED_EDGE('',*,*,#1878,.T.);
#1924 = ORIENTED_EDGE('',*,*,#958,.T.);
#1925 = PLANE('',#1926);
#1926 = AXIS2_PLACEMENT_3D('',#1927,#1928,#1929);
#1927 = CARTESIAN_POINT('',(-0.868163414293,-6.063130321881,14.512));
#1928 = DIRECTION('',(0.,0.,1.));
#1929 = DIRECTION('',(1.,0.,0.));
#1930 = ADVANCED_FACE('',(#1931),#1944,.F.);
#1931 = FACE_BOUND('',#1932,.F.);
#1932 = EDGE_LOOP('',(#1933,#1934,#1935,#1936,#1937,#1938));
#1933 = ORIENTED_EDGE('',*,*,#935,.T.);
#1934 = ORIENTED_EDGE('',*,*,#966,.T.);
#1935 = ORIENTED_EDGE('',*,*,#1917,.T.);
#1936 = ORIENTED_EDGE('',*,*,#666,.F.);
#1937 = ORIENTED_EDGE('',*,*,#697,.F.);
#1938 = ORIENTED_EDGE('',*,*,#1939,.F.);
#1939 = EDGE_CURVE('',#928,#698,#1940,.T.);
#1940 = LINE('',#1941,#1942);
#1941 = CARTESIAN_POINT('',(-30.07816341429,-4.793130321881,42.418));
#1942 = VECTOR('',#1943,1.);
#1943 = DIRECTION('',(1.,0.,0.));
#1944 = PLANE('',#1945);
#1945 = AXIS2_PLACEMENT_3D('',#1946,#1947,#1948);
#1946 = CARTESIAN_POINT('',(-30.07816341429,-4.793130321881,42.418));
#1947 = DIRECTION('',(0.,-1.,0.));
#1948 = DIRECTION('',(1.,0.,0.));
#1949 = ADVANCED_FACE('',(#1950),#1976,.T.);
#1950 = FACE_BOUND('',#1951,.T.);
#1951 = EDGE_LOOP('',(#1952,#1960,#1968,#1974,#1975));
#1952 = ORIENTED_EDGE('',*,*,#1953,.F.);
#1953 = EDGE_CURVE('',#1954,#706,#1956,.T.);
#1954 = VERTEX_POINT('',#1955);
#1955 = CARTESIAN_POINT('',(16.877439,38.5895,42.418));
#1956 = LINE('',#1957,#1958);
#1957 = CARTESIAN_POINT('',(16.877439,38.5895,42.418));
#1958 = VECTOR('',#1959,1.);
#1959 = DIRECTION('',(1.,0.,0.));
#1960 = ORIENTED_EDGE('',*,*,#1961,.T.);
#1961 = EDGE_CURVE('',#1954,#1962,#1964,.T.);
#1962 = VERTEX_POINT('',#1963);
#1963 = CARTESIAN_POINT('',(16.877439,38.5895,22.606));
#1964 = LINE('',#1965,#1966);
#1965 = CARTESIAN_POINT('',(16.877439,38.5895,42.418));
#1966 = VECTOR('',#1967,1.);
#1967 = DIRECTION('',(0.,0.,-1.));
#1968 = ORIENTED_EDGE('',*,*,#1969,.F.);
#1969 = EDGE_CURVE('',#729,#1962,#1970,.T.);
#1970 = LINE('',#1971,#1972);
#1971 = CARTESIAN_POINT('',(8.004637792854,38.5895,22.606));
#1972 = VECTOR('',#1973,1.);
#1973 = DIRECTION('',(-1.,0.,0.));
#1974 = ORIENTED_EDGE('',*,*,#728,.F.);
#1975 = ORIENTED_EDGE('',*,*,#713,.F.);
#1976 = PLANE('',#1977);
#1977 = AXIS2_PLACEMENT_3D('',#1978,#1979,#1980);
#1978 = CARTESIAN_POINT('',(16.877439,38.5895,42.418));
#1979 = DIRECTION('',(0.,-1.,0.));
#1980 = DIRECTION('',(1.,0.,0.));
#1981 = ADVANCED_FACE('',(#1982,#2009,#2020,#2056,#2067,#2103,#2114,
    #2150),#2161,.F.);
#1982 = FACE_BOUND('',#1983,.F.);
#1983 = EDGE_LOOP('',(#1984,#1985,#1986,#1987,#1988,#1994,#1995,#2003));
#1984 = ORIENTED_EDGE('',*,*,#927,.T.);
#1985 = ORIENTED_EDGE('',*,*,#1939,.T.);
#1986 = ORIENTED_EDGE('',*,*,#705,.T.);
#1987 = ORIENTED_EDGE('',*,*,#1953,.F.);
#1988 = ORIENTED_EDGE('',*,*,#1989,.T.);
#1989 = EDGE_CURVE('',#1954,#809,#1990,.T.);
#1990 = LINE('',#1991,#1992);
#1991 = CARTESIAN_POINT('',(16.877439,38.5895,42.418));
#1992 = VECTOR('',#1993,1.);
#1993 = DIRECTION('',(0.,1.,0.));
#1994 = ORIENTED_EDGE('',*,*,#816,.T.);
#1995 = ORIENTED_EDGE('',*,*,#1996,.T.);
#1996 = EDGE_CURVE('',#817,#1997,#1999,.T.);
#1997 = VERTEX_POINT('',#1998);
#1998 = CARTESIAN_POINT('',(-20.2248,38.5895,42.418));
#1999 = LINE('',#2000,#2001);
#2000 = CARTESIAN_POINT('',(-20.2248,48.26,42.418));
#2001 = VECTOR('',#2002,1.);
#2002 = DIRECTION('',(0.,-1.,0.));
#2003 = ORIENTED_EDGE('',*,*,#2004,.F.);
#2004 = EDGE_CURVE('',#920,#1997,#2005,.T.);
#2005 = LINE('',#2006,#2007);
#2006 = CARTESIAN_POINT('',(-30.07816341429,38.5895,42.418));
#2007 = VECTOR('',#2008,1.);
#2008 = DIRECTION('',(1.,0.,0.));
#2009 = FACE_BOUND('',#2010,.F.);
#2010 = EDGE_LOOP('',(#2011));
#2011 = ORIENTED_EDGE('',*,*,#2012,.T.);
#2012 = EDGE_CURVE('',#2013,#2013,#2015,.T.);
#2013 = VERTEX_POINT('',#2014);
#2014 = CARTESIAN_POINT('',(-14.224,1.010466,42.418));
#2015 = CIRCLE('',#2016,1.651);
#2016 = AXIS2_PLACEMENT_3D('',#2017,#2018,#2019);
#2017 = CARTESIAN_POINT('',(-15.875,1.010466,42.418));
#2018 = DIRECTION('',(0.,0.,-1.));
#2019 = DIRECTION('',(1.,0.,0.));
#2020 = FACE_BOUND('',#2021,.F.);
#2021 = EDGE_LOOP('',(#2022,#2033,#2041,#2050));
#2022 = ORIENTED_EDGE('',*,*,#2023,.F.);
#2023 = EDGE_CURVE('',#2024,#2026,#2028,.T.);
#2024 = VERTEX_POINT('',#2025);
#2025 = CARTESIAN_POINT('',(-1.524,6.32688427706,42.418));
#2026 = VERTEX_POINT('',#2027);
#2027 = CARTESIAN_POINT('',(-9.905536390534,20.846093831015,42.418));
#2028 = CIRCLE('',#2029,10.668);
#2029 = AXIS2_PLACEMENT_3D('',#2030,#2031,#2032);
#2030 = CARTESIAN_POINT('',(0.,16.885466,42.418));
#2031 = DIRECTION('',(0.,0.,-1.));
#2032 = DIRECTION('',(1.,0.,0.));
#2033 = ORIENTED_EDGE('',*,*,#2034,.T.);
#2034 = EDGE_CURVE('',#2024,#2035,#2037,.T.);
#2035 = VERTEX_POINT('',#2036);
#2036 = CARTESIAN_POINT('',(-1.524,-1.976065035417,42.418));
#2037 = LINE('',#2038,#2039);
#2038 = CARTESIAN_POINT('',(-1.524,6.32688427706,42.418));
#2039 = VECTOR('',#2040,1.);
#2040 = DIRECTION('',(0.,-1.,0.));
#2041 = ORIENTED_EDGE('',*,*,#2042,.T.);
#2042 = EDGE_CURVE('',#2035,#2043,#2045,.T.);
#2043 = VERTEX_POINT('',#2044);
#2044 = CARTESIAN_POINT('',(-17.09603343171,24.997529233346,42.418));
#2045 = CIRCLE('',#2046,18.923);
#2046 = AXIS2_PLACEMENT_3D('',#2047,#2048,#2049);
#2047 = CARTESIAN_POINT('',(2.7E-15,16.885466,42.418));
#2048 = DIRECTION('',(0.,0.,-1.));
#2049 = DIRECTION('',(1.,0.,0.));
#2050 = ORIENTED_EDGE('',*,*,#2051,.F.);
#2051 = EDGE_CURVE('',#2026,#2043,#2052,.T.);
#2052 = LINE('',#2053,#2054);
#2053 = CARTESIAN_POINT('',(-9.905536390534,20.846093831015,42.418));
#2054 = VECTOR('',#2055,1.);
#2055 = DIRECTION('',(-0.866025403784,0.5,-0.));
#2056 = FACE_BOUND('',#2057,.F.);
#2057 = EDGE_LOOP('',(#2058));
#2058 = ORIENTED_EDGE('',*,*,#2059,.T.);
#2059 = EDGE_CURVE('',#2060,#2060,#2062,.T.);
#2060 = VERTEX_POINT('',#2061);
#2061 = CARTESIAN_POINT('',(17.526,1.010466,42.418));
#2062 = CIRCLE('',#2063,1.651);
#2063 = AXIS2_PLACEMENT_3D('',#2064,#2065,#2066);
#2064 = CARTESIAN_POINT('',(15.875,1.010466,42.418));
#2065 = DIRECTION('',(0.,0.,-1.));
#2066 = DIRECTION('',(1.,0.,0.));
#2067 = FACE_BOUND('',#2068,.F.);
#2068 = EDGE_LOOP('',(#2069,#2079,#2088,#2096));
#2069 = ORIENTED_EDGE('',*,*,#2070,.F.);
#2070 = EDGE_CURVE('',#2071,#2073,#2075,.T.);
#2071 = VERTEX_POINT('',#2072);
#2072 = CARTESIAN_POINT('',(1.524,6.32688427706,42.418));
#2073 = VERTEX_POINT('',#2074);
#2074 = CARTESIAN_POINT('',(1.524,-1.976065035417,42.418));
#2075 = LINE('',#2076,#2077);
#2076 = CARTESIAN_POINT('',(1.524,6.32688427706,42.418));
#2077 = VECTOR('',#2078,1.);
#2078 = DIRECTION('',(0.,-1.,0.));
#2079 = ORIENTED_EDGE('',*,*,#2080,.F.);
#2080 = EDGE_CURVE('',#2081,#2071,#2083,.T.);
#2081 = VERTEX_POINT('',#2082);
#2082 = CARTESIAN_POINT('',(9.906,20.844934146102,42.418));
#2083 = CIRCLE('',#2084,10.668);
#2084 = AXIS2_PLACEMENT_3D('',#2085,#2086,#2087);
#2085 = CARTESIAN_POINT('',(0.,16.885466,42.418));
#2086 = DIRECTION('',(0.,0.,-1.));
#2087 = DIRECTION('',(1.,0.,0.));
#2088 = ORIENTED_EDGE('',*,*,#2089,.F.);
#2089 = EDGE_CURVE('',#2090,#2081,#2092,.T.);
#2090 = VERTEX_POINT('',#2091);
#2091 = CARTESIAN_POINT('',(17.09656503094,24.996408802341,42.418));
#2092 = LINE('',#2093,#2094);
#2093 = CARTESIAN_POINT('',(17.09656503094,24.996408802341,42.418));
#2094 = VECTOR('',#2095,1.);
#2095 = DIRECTION('',(-0.866025403784,-0.5,0.));
#2096 = ORIENTED_EDGE('',*,*,#2097,.T.);
#2097 = EDGE_CURVE('',#2090,#2073,#2098,.T.);
#2098 = CIRCLE('',#2099,18.923);
#2099 = AXIS2_PLACEMENT_3D('',#2100,#2101,#2102);
#2100 = CARTESIAN_POINT('',(2.7E-15,16.885466,42.418));
#2101 = DIRECTION('',(0.,0.,-1.));
#2102 = DIRECTION('',(1.,0.,0.));
#2103 = FACE_BOUND('',#2104,.F.);
#2104 = EDGE_LOOP('',(#2105));
#2105 = ORIENTED_EDGE('',*,*,#2106,.T.);
#2106 = EDGE_CURVE('',#2107,#2107,#2109,.T.);
#2107 = VERTEX_POINT('',#2108);
#2108 = CARTESIAN_POINT('',(-14.224,32.760466,42.418));
#2109 = CIRCLE('',#2110,1.651);
#2110 = AXIS2_PLACEMENT_3D('',#2111,#2112,#2113);
#2111 = CARTESIAN_POINT('',(-15.875,32.760466,42.418));
#2112 = DIRECTION('',(0.,0.,-1.));
#2113 = DIRECTION('',(1.,0.,0.));
#2114 = FACE_BOUND('',#2115,.F.);
#2115 = EDGE_LOOP('',(#2116,#2126,#2135,#2143));
#2116 = ORIENTED_EDGE('',*,*,#2117,.F.);
#2117 = EDGE_CURVE('',#2118,#2120,#2122,.T.);
#2118 = VERTEX_POINT('',#2119);
#2119 = CARTESIAN_POINT('',(-15.57186044195,27.637074780841,42.418));
#2120 = VERTEX_POINT('',#2121);
#2121 = CARTESIAN_POINT('',(-8.325660453038,23.453479266637,42.418));
#2122 = LINE('',#2123,#2124);
#2123 = CARTESIAN_POINT('',(-15.57186044195,27.637074780841,42.418));
#2124 = VECTOR('',#2125,1.);
#2125 = DIRECTION('',(0.866025403784,-0.5,0.));
#2126 = ORIENTED_EDGE('',*,*,#2127,.T.);
#2127 = EDGE_CURVE('',#2118,#2128,#2130,.T.);
#2128 = VERTEX_POINT('',#2129);
#2129 = CARTESIAN_POINT('',(15.57256503094,27.636054233076,42.418));
#2130 = CIRCLE('',#2131,19.05);
#2131 = AXIS2_PLACEMENT_3D('',#2132,#2133,#2134);
#2132 = CARTESIAN_POINT('',(-7.2742478125E-06,16.663475147022,42.418));
#2133 = DIRECTION('',(0.,0.,-1.));
#2134 = DIRECTION('',(1.,0.,0.));
#2135 = ORIENTED_EDGE('',*,*,#2136,.F.);
#2136 = EDGE_CURVE('',#2137,#2128,#2139,.T.);
#2137 = VERTEX_POINT('',#2138);
#2138 = CARTESIAN_POINT('',(8.326434033842,23.452498551318,42.418));
#2139 = LINE('',#2140,#2141);
#2140 = CARTESIAN_POINT('',(8.326434033842,23.452498551318,42.418));
#2141 = VECTOR('',#2142,1.);
#2142 = DIRECTION('',(0.866025403784,0.5,0.));
#2143 = ORIENTED_EDGE('',*,*,#2144,.F.);
#2144 = EDGE_CURVE('',#2120,#2137,#2145,.T.);
#2145 = CIRCLE('',#2146,10.6045);
#2146 = AXIS2_PLACEMENT_3D('',#2147,#2148,#2149);
#2147 = CARTESIAN_POINT('',(0.,16.885466,42.418));
#2148 = DIRECTION('',(0.,0.,-1.));
#2149 = DIRECTION('',(1.,0.,0.));
#2150 = FACE_BOUND('',#2151,.F.);
#2151 = EDGE_LOOP('',(#2152));
#2152 = ORIENTED_EDGE('',*,*,#2153,.T.);
#2153 = EDGE_CURVE('',#2154,#2154,#2156,.T.);
#2154 = VERTEX_POINT('',#2155);
#2155 = CARTESIAN_POINT('',(17.526,32.760466,42.418));
#2156 = CIRCLE('',#2157,1.651);
#2157 = AXIS2_PLACEMENT_3D('',#2158,#2159,#2160);
#2158 = CARTESIAN_POINT('',(15.875,32.760466,42.418));
#2159 = DIRECTION('',(0.,0.,-1.));
#2160 = DIRECTION('',(1.,0.,0.));
#2161 = PLANE('',#2162);
#2162 = AXIS2_PLACEMENT_3D('',#2163,#2164,#2165);
#2163 = CARTESIAN_POINT('',(-0.868163414293,-1.975146172389E-15,42.418)
  );
#2164 = DIRECTION('',(0.,0.,1.));
#2165 = DIRECTION('',(1.,0.,0.));
#2166 = ADVANCED_FACE('',(#2167,#2179),#2190,.F.);
#2167 = FACE_BOUND('',#2168,.F.);
#2168 = EDGE_LOOP('',(#2169,#2170,#2171,#2172,#2173));
#2169 = ORIENTED_EDGE('',*,*,#1969,.F.);
#2170 = ORIENTED_EDGE('',*,*,#736,.F.);
#2171 = ORIENTED_EDGE('',*,*,#760,.T.);
#2172 = ORIENTED_EDGE('',*,*,#785,.F.);
#2173 = ORIENTED_EDGE('',*,*,#2174,.T.);
#2174 = EDGE_CURVE('',#786,#1962,#2175,.T.);
#2175 = LINE('',#2176,#2177);
#2176 = CARTESIAN_POINT('',(16.877439,19.29475,22.606));
#2177 = VECTOR('',#2178,1.);
#2178 = DIRECTION('',(0.,-1.,0.));
#2179 = FACE_BOUND('',#2180,.F.);
#2180 = EDGE_LOOP('',(#2181));
#2181 = ORIENTED_EDGE('',*,*,#2182,.F.);
#2182 = EDGE_CURVE('',#2183,#2183,#2185,.T.);
#2183 = VERTEX_POINT('',#2184);
#2184 = CARTESIAN_POINT('',(23.899263,43.102746603913,22.606));
#2185 = CIRCLE('',#2186,2.159);
#2186 = AXIS2_PLACEMENT_3D('',#2187,#2188,#2189);
#2187 = CARTESIAN_POINT('',(21.740263,43.102746603913,22.606));
#2188 = DIRECTION('',(0.,0.,1.));
#2189 = DIRECTION('',(1.,0.,0.));
#2190 = PLANE('',#2191);
#2191 = AXIS2_PLACEMENT_3D('',#2192,#2193,#2194);
#2192 = CARTESIAN_POINT('',(-0.868163414293,-1.724416367355E-15,22.606)
  );
#2193 = DIRECTION('',(0.,0.,1.));
#2194 = DIRECTION('',(1.,0.,0.));
#2195 = ADVANCED_FACE('',(#2196),#2203,.F.);
#2196 = FACE_BOUND('',#2197,.F.);
#2197 = EDGE_LOOP('',(#2198,#2199,#2200,#2201,#2202));
#2198 = ORIENTED_EDGE('',*,*,#1989,.F.);
#2199 = ORIENTED_EDGE('',*,*,#1961,.T.);
#2200 = ORIENTED_EDGE('',*,*,#2174,.F.);
#2201 = ORIENTED_EDGE('',*,*,#793,.F.);
#2202 = ORIENTED_EDGE('',*,*,#808,.F.);
#2203 = PLANE('',#2204);
#2204 = AXIS2_PLACEMENT_3D('',#2205,#2206,#2207);
#2205 = CARTESIAN_POINT('',(16.877439,38.5895,42.418));
#2206 = DIRECTION('',(1.,0.,0.));
#2207 = DIRECTION('',(0.,1.,0.));
#2208 = ADVANCED_FACE('',(#2209),#2228,.F.);
#2209 = FACE_BOUND('',#2210,.F.);
#2210 = EDGE_LOOP('',(#2211,#2212,#2213,#2214,#2222));
#2211 = ORIENTED_EDGE('',*,*,#1996,.F.);
#2212 = ORIENTED_EDGE('',*,*,#824,.T.);
#2213 = ORIENTED_EDGE('',*,*,#839,.T.);
#2214 = ORIENTED_EDGE('',*,*,#2215,.F.);
#2215 = EDGE_CURVE('',#2216,#840,#2218,.T.);
#2216 = VERTEX_POINT('',#2217);
#2217 = CARTESIAN_POINT('',(-20.2248,38.5895,22.606));
#2218 = LINE('',#2219,#2220);
#2219 = CARTESIAN_POINT('',(-20.2248,24.13,22.606));
#2220 = VECTOR('',#2221,1.);
#2221 = DIRECTION('',(0.,1.,0.));
#2222 = ORIENTED_EDGE('',*,*,#2223,.F.);
#2223 = EDGE_CURVE('',#1997,#2216,#2224,.T.);
#2224 = LINE('',#2225,#2226);
#2225 = CARTESIAN_POINT('',(-20.2248,38.5895,42.418));
#2226 = VECTOR('',#2227,1.);
#2227 = DIRECTION('',(0.,0.,-1.));
#2228 = PLANE('',#2229);
#2229 = AXIS2_PLACEMENT_3D('',#2230,#2231,#2232);
#2230 = CARTESIAN_POINT('',(-20.2248,48.26,42.418));
#2231 = DIRECTION('',(-1.,-0.,-0.));
#2232 = DIRECTION('',(0.,-1.,0.));
#2233 = ADVANCED_FACE('',(#2234,#2246),#2257,.F.);
#2234 = FACE_BOUND('',#2235,.F.);
#2235 = EDGE_LOOP('',(#2236,#2237,#2238,#2239,#2245));
#2236 = ORIENTED_EDGE('',*,*,#847,.F.);
#2237 = ORIENTED_EDGE('',*,*,#871,.T.);
#2238 = ORIENTED_EDGE('',*,*,#896,.F.);
#2239 = ORIENTED_EDGE('',*,*,#2240,.F.);
#2240 = EDGE_CURVE('',#2216,#897,#2241,.T.);
#2241 = LINE('',#2242,#2243);
#2242 = CARTESIAN_POINT('',(-15.47316341429,38.5895,22.606));
#2243 = VECTOR('',#2244,1.);
#2244 = DIRECTION('',(-1.,0.,0.));
#2245 = ORIENTED_EDGE('',*,*,#2215,.T.);
#2246 = FACE_BOUND('',#2247,.F.);
#2247 = EDGE_LOOP('',(#2248));
#2248 = ORIENTED_EDGE('',*,*,#2249,.F.);
#2249 = EDGE_CURVE('',#2250,#2250,#2252,.T.);
#2250 = VERTEX_POINT('',#2251);
#2251 = CARTESIAN_POINT('',(-22.95035393815,43.102746603913,22.606));
#2252 = CIRCLE('',#2253,2.159);
#2253 = AXIS2_PLACEMENT_3D('',#2254,#2255,#2256);
#2254 = CARTESIAN_POINT('',(-25.10935393815,43.102746603913,22.606));
#2255 = DIRECTION('',(0.,0.,1.));
#2256 = DIRECTION('',(1.,0.,0.));
#2257 = PLANE('',#2258);
#2258 = AXIS2_PLACEMENT_3D('',#2259,#2260,#2261);
#2259 = CARTESIAN_POINT('',(-0.868163414293,-1.724416367355E-15,22.606)
  );
#2260 = DIRECTION('',(0.,0.,1.));
#2261 = DIRECTION('',(1.,0.,0.));
#2262 = ADVANCED_FACE('',(#2263),#2270,.T.);
#2263 = FACE_BOUND('',#2264,.T.);
#2264 = EDGE_LOOP('',(#2265,#2266,#2267,#2268,#2269));
#2265 = ORIENTED_EDGE('',*,*,#2004,.F.);
#2266 = ORIENTED_EDGE('',*,*,#919,.T.);
#2267 = ORIENTED_EDGE('',*,*,#904,.T.);
#2268 = ORIENTED_EDGE('',*,*,#2240,.F.);
#2269 = ORIENTED_EDGE('',*,*,#2223,.F.);
#2270 = PLANE('',#2271);
#2271 = AXIS2_PLACEMENT_3D('',#2272,#2273,#2274);
#2272 = CARTESIAN_POINT('',(-30.07816341429,38.5895,42.418));
#2273 = DIRECTION('',(0.,-1.,0.));
#2274 = DIRECTION('',(1.,0.,0.));
#2275 = ADVANCED_FACE('',(#2276),#2283,.T.);
#2276 = FACE_BOUND('',#2277,.T.);
#2277 = EDGE_LOOP('',(#2278,#2279,#2280,#2281,#2282));
#2278 = ORIENTED_EDGE('',*,*,#1590,.F.);
#2279 = ORIENTED_EDGE('',*,*,#1505,.T.);
#2280 = ORIENTED_EDGE('',*,*,#1533,.F.);
#2281 = ORIENTED_EDGE('',*,*,#1022,.F.);
#2282 = ORIENTED_EDGE('',*,*,#997,.F.);
#2283 = PLANE('',#2284);
#2284 = AXIS2_PLACEMENT_3D('',#2285,#2286,#2287);
#2285 = CARTESIAN_POINT('',(-20.2248,-38.5895,42.418));
#2286 = DIRECTION('',(0.,1.,0.));
#2287 = DIRECTION('',(-1.,0.,0.));
#2288 = ADVANCED_FACE('',(#2289),#2308,.F.);
#2289 = FACE_BOUND('',#2290,.F.);
#2290 = EDGE_LOOP('',(#2291,#2299,#2306,#2307));
#2291 = ORIENTED_EDGE('',*,*,#2292,.T.);
#2292 = EDGE_CURVE('',#1082,#2293,#2295,.T.);
#2293 = VERTEX_POINT('',#2294);
#2294 = CARTESIAN_POINT('',(-21.04535393815,-43.438538,36.449));
#2295 = LINE('',#2296,#2297);
#2296 = CARTESIAN_POINT('',(-21.04535393815,-43.438538,44.958));
#2297 = VECTOR('',#2298,1.);
#2298 = DIRECTION('',(-0.,-0.,-1.));
#2299 = ORIENTED_EDGE('',*,*,#2300,.T.);
#2300 = EDGE_CURVE('',#2293,#2293,#2301,.T.);
#2301 = CIRCLE('',#2302,4.064);
#2302 = AXIS2_PLACEMENT_3D('',#2303,#2304,#2305);
#2303 = CARTESIAN_POINT('',(-25.10935393815,-43.438538,36.449));
#2304 = DIRECTION('',(0.,0.,1.));
#2305 = DIRECTION('',(1.,0.,0.));
#2306 = ORIENTED_EDGE('',*,*,#2292,.F.);
#2307 = ORIENTED_EDGE('',*,*,#1081,.F.);
#2308 = CYLINDRICAL_SURFACE('',#2309,4.064);
#2309 = AXIS2_PLACEMENT_3D('',#2310,#2311,#2312);
#2310 = CARTESIAN_POINT('',(-25.10935393815,-43.438538,44.958));
#2311 = DIRECTION('',(0.,0.,1.));
#2312 = DIRECTION('',(1.,0.,0.));
#2313 = ADVANCED_FACE('',(#2314),#2330,.T.);
#2314 = FACE_BOUND('',#2315,.T.);
#2315 = EDGE_LOOP('',(#2316,#2317,#2323,#2324));
#2316 = ORIENTED_EDGE('',*,*,#1647,.F.);
#2317 = ORIENTED_EDGE('',*,*,#2318,.T.);
#2318 = EDGE_CURVE('',#1648,#1095,#2319,.T.);
#2319 = LINE('',#2320,#2321);
#2320 = CARTESIAN_POINT('',(14.337439,-43.815,42.418));
#2321 = VECTOR('',#2322,1.);
#2322 = DIRECTION('',(0.,0.,1.));
#2323 = ORIENTED_EDGE('',*,*,#1092,.F.);
#2324 = ORIENTED_EDGE('',*,*,#2325,.F.);
#2325 = EDGE_CURVE('',#1650,#1093,#2326,.T.);
#2326 = LINE('',#2327,#2328);
#2327 = CARTESIAN_POINT('',(-14.337439,-43.815,42.418));
#2328 = VECTOR('',#2329,1.);
#2329 = DIRECTION('',(0.,0.,1.));
#2330 = PLANE('',#2331);
#2331 = AXIS2_PLACEMENT_3D('',#2332,#2333,#2334);
#2332 = CARTESIAN_POINT('',(14.337439,-43.815,42.418));
#2333 = DIRECTION('',(0.,-1.,0.));
#2334 = DIRECTION('',(-1.,0.,0.));
#2335 = ADVANCED_FACE('',(#2336),#2347,.F.);
#2336 = FACE_BOUND('',#2337,.F.);
#2337 = EDGE_LOOP('',(#2338,#2339,#2345,#2346));
#2338 = ORIENTED_EDGE('',*,*,#1674,.F.);
#2339 = ORIENTED_EDGE('',*,*,#2340,.T.);
#2340 = EDGE_CURVE('',#1667,#1112,#2341,.T.);
#2341 = LINE('',#2342,#2343);
#2342 = CARTESIAN_POINT('',(-14.337439,-47.625,42.418));
#2343 = VECTOR('',#2344,1.);
#2344 = DIRECTION('',(0.,0.,1.));
#2345 = ORIENTED_EDGE('',*,*,#1119,.T.);
#2346 = ORIENTED_EDGE('',*,*,#2325,.F.);
#2347 = CYLINDRICAL_SURFACE('',#2348,1.905);
#2348 = AXIS2_PLACEMENT_3D('',#2349,#2350,#2351);
#2349 = CARTESIAN_POINT('',(-14.337439,-45.72,42.418));
#2350 = DIRECTION('',(0.,0.,-1.));
#2351 = DIRECTION('',(1.,0.,0.));
#2352 = ADVANCED_FACE('',(#2353),#2364,.T.);
#2353 = FACE_BOUND('',#2354,.T.);
#2354 = EDGE_LOOP('',(#2355,#2356,#2357,#2358));
#2355 = ORIENTED_EDGE('',*,*,#1666,.F.);
#2356 = ORIENTED_EDGE('',*,*,#2340,.T.);
#2357 = ORIENTED_EDGE('',*,*,#1111,.F.);
#2358 = ORIENTED_EDGE('',*,*,#2359,.F.);
#2359 = EDGE_CURVE('',#1658,#1103,#2360,.T.);
#2360 = LINE('',#2361,#2362);
#2361 = CARTESIAN_POINT('',(14.337439,-47.625,42.418));
#2362 = VECTOR('',#2363,1.);
#2363 = DIRECTION('',(0.,0.,1.));
#2364 = PLANE('',#2365);
#2365 = AXIS2_PLACEMENT_3D('',#2366,#2367,#2368);
#2366 = CARTESIAN_POINT('',(-14.337439,-47.625,42.418));
#2367 = DIRECTION('',(0.,1.,0.));
#2368 = DIRECTION('',(1.,0.,0.));
#2369 = ADVANCED_FACE('',(#2370),#2376,.F.);
#2370 = FACE_BOUND('',#2371,.F.);
#2371 = EDGE_LOOP('',(#2372,#2373,#2374,#2375));
#2372 = ORIENTED_EDGE('',*,*,#1657,.F.);
#2373 = ORIENTED_EDGE('',*,*,#2318,.T.);
#2374 = ORIENTED_EDGE('',*,*,#1102,.T.);
#2375 = ORIENTED_EDGE('',*,*,#2359,.F.);
#2376 = CYLINDRICAL_SURFACE('',#2377,1.905);
#2377 = AXIS2_PLACEMENT_3D('',#2378,#2379,#2380);
#2378 = CARTESIAN_POINT('',(14.337439,-45.72,42.418));
#2379 = DIRECTION('',(0.,0.,-1.));
#2380 = DIRECTION('',(1.,0.,0.));
#2381 = ADVANCED_FACE('',(#2382),#2398,.T.);
#2382 = FACE_BOUND('',#2383,.T.);
#2383 = EDGE_LOOP('',(#2384,#2385,#2391,#2392));
#2384 = ORIENTED_EDGE('',*,*,#1683,.F.);
#2385 = ORIENTED_EDGE('',*,*,#2386,.T.);
#2386 = EDGE_CURVE('',#1684,#1131,#2387,.T.);
#2387 = LINE('',#2388,#2389);
#2388 = CARTESIAN_POINT('',(-14.33743837745,-42.524152,42.418));
#2389 = VECTOR('',#2390,1.);
#2390 = DIRECTION('',(0.,0.,1.));
#2391 = ORIENTED_EDGE('',*,*,#1128,.F.);
#2392 = ORIENTED_EDGE('',*,*,#2393,.F.);
#2393 = EDGE_CURVE('',#1686,#1129,#2394,.T.);
#2394 = LINE('',#2395,#2396);
#2395 = CARTESIAN_POINT('',(14.337438302721,-42.524152,42.418));
#2396 = VECTOR('',#2397,1.);
#2397 = DIRECTION('',(0.,0.,1.));
#2398 = PLANE('',#2399);
#2399 = AXIS2_PLACEMENT_3D('',#2400,#2401,#2402);
#2400 = CARTESIAN_POINT('',(-14.33743837745,-42.524152,42.418));
#2401 = DIRECTION('',(-1.4867566693E-15,1.,0.));
#2402 = DIRECTION('',(1.,1.4867566693E-15,0.));
#2403 = ADVANCED_FACE('',(#2404),#2415,.F.);
#2404 = FACE_BOUND('',#2405,.F.);
#2405 = EDGE_LOOP('',(#2406,#2407,#2413,#2414));
#2406 = ORIENTED_EDGE('',*,*,#1710,.F.);
#2407 = ORIENTED_EDGE('',*,*,#2408,.T.);
#2408 = EDGE_CURVE('',#1703,#1148,#2409,.T.);
#2409 = LINE('',#2410,#2411);
#2410 = CARTESIAN_POINT('',(14.337439037367,-38.714152,42.418));
#2411 = VECTOR('',#2412,1.);
#2412 = DIRECTION('',(0.,0.,1.));
#2413 = ORIENTED_EDGE('',*,*,#1155,.T.);
#2414 = ORIENTED_EDGE('',*,*,#2393,.F.);
#2415 = CYLINDRICAL_SURFACE('',#2416,1.905);
#2416 = AXIS2_PLACEMENT_3D('',#2417,#2418,#2419);
#2417 = CARTESIAN_POINT('',(14.337439037367,-40.619152,42.418));
#2418 = DIRECTION('',(0.,0.,-1.));
#2419 = DIRECTION('',(1.,0.,0.));
#2420 = ADVANCED_FACE('',(#2421),#2432,.T.);
#2421 = FACE_BOUND('',#2422,.T.);
#2422 = EDGE_LOOP('',(#2423,#2424,#2425,#2426));
#2423 = ORIENTED_EDGE('',*,*,#1702,.F.);
#2424 = ORIENTED_EDGE('',*,*,#2408,.T.);
#2425 = ORIENTED_EDGE('',*,*,#1147,.F.);
#2426 = ORIENTED_EDGE('',*,*,#2427,.F.);
#2427 = EDGE_CURVE('',#1694,#1139,#2428,.T.);
#2428 = LINE('',#2429,#2430);
#2429 = CARTESIAN_POINT('',(-14.337439,-38.714152,42.418));
#2430 = VECTOR('',#2431,1.);
#2431 = DIRECTION('',(0.,0.,1.));
#2432 = PLANE('',#2433);
#2433 = AXIS2_PLACEMENT_3D('',#2434,#2435,#2436);
#2434 = CARTESIAN_POINT('',(14.337439037367,-38.714152,42.418));
#2435 = DIRECTION('',(0.,-1.,0.));
#2436 = DIRECTION('',(-1.,0.,0.));
#2437 = ADVANCED_FACE('',(#2438),#2444,.F.);
#2438 = FACE_BOUND('',#2439,.F.);
#2439 = EDGE_LOOP('',(#2440,#2441,#2442,#2443));
#2440 = ORIENTED_EDGE('',*,*,#1693,.F.);
#2441 = ORIENTED_EDGE('',*,*,#2386,.T.);
#2442 = ORIENTED_EDGE('',*,*,#1138,.T.);
#2443 = ORIENTED_EDGE('',*,*,#2427,.F.);
#2444 = CYLINDRICAL_SURFACE('',#2445,1.905);
#2445 = AXIS2_PLACEMENT_3D('',#2446,#2447,#2448);
#2446 = CARTESIAN_POINT('',(-14.337439,-40.619152,42.418));
#2447 = DIRECTION('',(0.,0.,-1.));
#2448 = DIRECTION('',(1.,0.,0.));
#2449 = ADVANCED_FACE('',(#2450),#2466,.T.);
#2450 = FACE_BOUND('',#2451,.T.);
#2451 = EDGE_LOOP('',(#2452,#2453,#2459,#2460));
#2452 = ORIENTED_EDGE('',*,*,#1755,.F.);
#2453 = ORIENTED_EDGE('',*,*,#2454,.T.);
#2454 = EDGE_CURVE('',#1756,#1167,#2455,.T.);
#2455 = LINE('',#2456,#2457);
#2456 = CARTESIAN_POINT('',(-14.33743837745,-37.423304,42.418));
#2457 = VECTOR('',#2458,1.);
#2458 = DIRECTION('',(0.,0.,1.));
#2459 = ORIENTED_EDGE('',*,*,#1164,.F.);
#2460 = ORIENTED_EDGE('',*,*,#2461,.F.);
#2461 = EDGE_CURVE('',#1758,#1165,#2462,.T.);
#2462 = LINE('',#2463,#2464);
#2463 = CARTESIAN_POINT('',(14.337438302721,-37.423304,42.418));
#2464 = VECTOR('',#2465,1.);
#2465 = DIRECTION('',(0.,0.,1.));
#2466 = PLANE('',#2467);
#2467 = AXIS2_PLACEMENT_3D('',#2468,#2469,#2470);
#2468 = CARTESIAN_POINT('',(-14.33743837745,-37.423304,42.418));
#2469 = DIRECTION('',(-1.4867566693E-15,1.,0.));
#2470 = DIRECTION('',(1.,1.4867566693E-15,0.));
#2471 = ADVANCED_FACE('',(#2472),#2483,.F.);
#2472 = FACE_BOUND('',#2473,.F.);
#2473 = EDGE_LOOP('',(#2474,#2475,#2481,#2482));
#2474 = ORIENTED_EDGE('',*,*,#1782,.F.);
#2475 = ORIENTED_EDGE('',*,*,#2476,.T.);
#2476 = EDGE_CURVE('',#1775,#1184,#2477,.T.);
#2477 = LINE('',#2478,#2479);
#2478 = CARTESIAN_POINT('',(14.337439037367,-33.613304,42.418));
#2479 = VECTOR('',#2480,1.);
#2480 = DIRECTION('',(0.,0.,1.));
#2481 = ORIENTED_EDGE('',*,*,#1191,.T.);
#2482 = ORIENTED_EDGE('',*,*,#2461,.F.);
#2483 = CYLINDRICAL_SURFACE('',#2484,1.905);
#2484 = AXIS2_PLACEMENT_3D('',#2485,#2486,#2487);
#2485 = CARTESIAN_POINT('',(14.337439037367,-35.518304,42.418));
#2486 = DIRECTION('',(0.,0.,-1.));
#2487 = DIRECTION('',(1.,0.,0.));
#2488 = ADVANCED_FACE('',(#2489),#2500,.T.);
#2489 = FACE_BOUND('',#2490,.T.);
#2490 = EDGE_LOOP('',(#2491,#2492,#2493,#2494));
#2491 = ORIENTED_EDGE('',*,*,#1774,.F.);
#2492 = ORIENTED_EDGE('',*,*,#2476,.T.);
#2493 = ORIENTED_EDGE('',*,*,#1183,.F.);
#2494 = ORIENTED_EDGE('',*,*,#2495,.F.);
#2495 = EDGE_CURVE('',#1766,#1175,#2496,.T.);
#2496 = LINE('',#2497,#2498);
#2497 = CARTESIAN_POINT('',(-14.337439,-33.613304,42.418));
#2498 = VECTOR('',#2499,1.);
#2499 = DIRECTION('',(0.,0.,1.));
#2500 = PLANE('',#2501);
#2501 = AXIS2_PLACEMENT_3D('',#2502,#2503,#2504);
#2502 = CARTESIAN_POINT('',(14.337439037367,-33.613304,42.418));
#2503 = DIRECTION('',(0.,-1.,0.));
#2504 = DIRECTION('',(-1.,0.,0.));
#2505 = ADVANCED_FACE('',(#2506),#2512,.F.);
#2506 = FACE_BOUND('',#2507,.F.);
#2507 = EDGE_LOOP('',(#2508,#2509,#2510,#2511));
#2508 = ORIENTED_EDGE('',*,*,#1765,.F.);
#2509 = ORIENTED_EDGE('',*,*,#2454,.T.);
#2510 = ORIENTED_EDGE('',*,*,#1174,.T.);
#2511 = ORIENTED_EDGE('',*,*,#2495,.F.);
#2512 = CYLINDRICAL_SURFACE('',#2513,1.905);
#2513 = AXIS2_PLACEMENT_3D('',#2514,#2515,#2516);
#2514 = CARTESIAN_POINT('',(-14.337439,-35.518304,42.418));
#2515 = DIRECTION('',(0.,0.,-1.));
#2516 = DIRECTION('',(1.,0.,0.));
#2517 = ADVANCED_FACE('',(#2518),#2534,.T.);
#2518 = FACE_BOUND('',#2519,.T.);
#2519 = EDGE_LOOP('',(#2520,#2521,#2527,#2528));
#2520 = ORIENTED_EDGE('',*,*,#1719,.F.);
#2521 = ORIENTED_EDGE('',*,*,#2522,.T.);
#2522 = EDGE_CURVE('',#1720,#1203,#2523,.T.);
#2523 = LINE('',#2524,#2525);
#2524 = CARTESIAN_POINT('',(-14.33743837745,-32.322456,42.418));
#2525 = VECTOR('',#2526,1.);
#2526 = DIRECTION('',(0.,0.,1.));
#2527 = ORIENTED_EDGE('',*,*,#1200,.F.);
#2528 = ORIENTED_EDGE('',*,*,#2529,.F.);
#2529 = EDGE_CURVE('',#1722,#1201,#2530,.T.);
#2530 = LINE('',#2531,#2532);
#2531 = CARTESIAN_POINT('',(14.337438302721,-32.322456,42.418));
#2532 = VECTOR('',#2533,1.);
#2533 = DIRECTION('',(0.,0.,1.));
#2534 = PLANE('',#2535);
#2535 = AXIS2_PLACEMENT_3D('',#2536,#2537,#2538);
#2536 = CARTESIAN_POINT('',(-14.33743837745,-32.322456,42.418));
#2537 = DIRECTION('',(-9.911711128666E-16,1.,0.));
#2538 = DIRECTION('',(1.,9.911711128666E-16,0.));
#2539 = ADVANCED_FACE('',(#2540),#2551,.F.);
#2540 = FACE_BOUND('',#2541,.F.);
#2541 = EDGE_LOOP('',(#2542,#2543,#2549,#2550));
#2542 = ORIENTED_EDGE('',*,*,#1746,.F.);
#2543 = ORIENTED_EDGE('',*,*,#2544,.T.);
#2544 = EDGE_CURVE('',#1739,#1220,#2545,.T.);
#2545 = LINE('',#2546,#2547);
#2546 = CARTESIAN_POINT('',(14.337439,-28.512456,42.418));
#2547 = VECTOR('',#2548,1.);
#2548 = DIRECTION('',(0.,0.,1.));
#2549 = ORIENTED_EDGE('',*,*,#1227,.T.);
#2550 = ORIENTED_EDGE('',*,*,#2529,.F.);
#2551 = CYLINDRICAL_SURFACE('',#2552,1.905);
#2552 = AXIS2_PLACEMENT_3D('',#2553,#2554,#2555);
#2553 = CARTESIAN_POINT('',(14.337439,-30.417456,42.418));
#2554 = DIRECTION('',(0.,0.,-1.));
#2555 = DIRECTION('',(1.,0.,0.));
#2556 = ADVANCED_FACE('',(#2557),#2568,.T.);
#2557 = FACE_BOUND('',#2558,.T.);
#2558 = EDGE_LOOP('',(#2559,#2560,#2561,#2562));
#2559 = ORIENTED_EDGE('',*,*,#1738,.F.);
#2560 = ORIENTED_EDGE('',*,*,#2544,.T.);
#2561 = ORIENTED_EDGE('',*,*,#1219,.F.);
#2562 = ORIENTED_EDGE('',*,*,#2563,.F.);
#2563 = EDGE_CURVE('',#1730,#1211,#2564,.T.);
#2564 = LINE('',#2565,#2566);
#2565 = CARTESIAN_POINT('',(-14.337439,-28.512456,42.418));
#2566 = VECTOR('',#2567,1.);
#2567 = DIRECTION('',(0.,0.,1.));
#2568 = PLANE('',#2569);
#2569 = AXIS2_PLACEMENT_3D('',#2570,#2571,#2572);
#2570 = CARTESIAN_POINT('',(14.337439,-28.512456,42.418));
#2571 = DIRECTION('',(0.,-1.,0.));
#2572 = DIRECTION('',(-1.,0.,0.));
#2573 = ADVANCED_FACE('',(#2574),#2580,.F.);
#2574 = FACE_BOUND('',#2575,.F.);
#2575 = EDGE_LOOP('',(#2576,#2577,#2578,#2579));
#2576 = ORIENTED_EDGE('',*,*,#1729,.F.);
#2577 = ORIENTED_EDGE('',*,*,#2522,.T.);
#2578 = ORIENTED_EDGE('',*,*,#1210,.T.);
#2579 = ORIENTED_EDGE('',*,*,#2563,.F.);
#2580 = CYLINDRICAL_SURFACE('',#2581,1.905);
#2581 = AXIS2_PLACEMENT_3D('',#2582,#2583,#2584);
#2582 = CARTESIAN_POINT('',(-14.337439,-30.417456,42.418));
#2583 = DIRECTION('',(0.,0.,-1.));
#2584 = DIRECTION('',(1.,0.,0.));
#2585 = ADVANCED_FACE('',(#2586),#2602,.T.);
#2586 = FACE_BOUND('',#2587,.T.);
#2587 = EDGE_LOOP('',(#2588,#2589,#2595,#2596));
#2588 = ORIENTED_EDGE('',*,*,#1791,.F.);
#2589 = ORIENTED_EDGE('',*,*,#2590,.T.);
#2590 = EDGE_CURVE('',#1792,#1239,#2591,.T.);
#2591 = LINE('',#2592,#2593);
#2592 = CARTESIAN_POINT('',(-14.33743837745,-27.221608,42.418));
#2593 = VECTOR('',#2594,1.);
#2594 = DIRECTION('',(0.,0.,1.));
#2595 = ORIENTED_EDGE('',*,*,#1236,.F.);
#2596 = ORIENTED_EDGE('',*,*,#2597,.F.);
#2597 = EDGE_CURVE('',#1794,#1237,#2598,.T.);
#2598 = LINE('',#2599,#2600);
#2599 = CARTESIAN_POINT('',(14.337438302721,-27.221608,42.418));
#2600 = VECTOR('',#2601,1.);
#2601 = DIRECTION('',(0.,0.,1.));
#2602 = PLANE('',#2603);
#2603 = AXIS2_PLACEMENT_3D('',#2604,#2605,#2606);
#2604 = CARTESIAN_POINT('',(-14.33743837745,-27.221608,42.418));
#2605 = DIRECTION('',(-1.362860280192E-15,1.,0.));
#2606 = DIRECTION('',(1.,1.362860280192E-15,0.));
#2607 = ADVANCED_FACE('',(#2608),#2619,.F.);
#2608 = FACE_BOUND('',#2609,.F.);
#2609 = EDGE_LOOP('',(#2610,#2611,#2617,#2618));
#2610 = ORIENTED_EDGE('',*,*,#1818,.F.);
#2611 = ORIENTED_EDGE('',*,*,#2612,.T.);
#2612 = EDGE_CURVE('',#1811,#1256,#2613,.T.);
#2613 = LINE('',#2614,#2615);
#2614 = CARTESIAN_POINT('',(14.337439037367,-23.411608,42.418));
#2615 = VECTOR('',#2616,1.);
#2616 = DIRECTION('',(0.,0.,1.));
#2617 = ORIENTED_EDGE('',*,*,#1263,.T.);
#2618 = ORIENTED_EDGE('',*,*,#2597,.F.);
#2619 = CYLINDRICAL_SURFACE('',#2620,1.905);
#2620 = AXIS2_PLACEMENT_3D('',#2621,#2622,#2623);
#2621 = CARTESIAN_POINT('',(14.337439037367,-25.316608,42.418));
#2622 = DIRECTION('',(0.,0.,-1.));
#2623 = DIRECTION('',(1.,0.,0.));
#2624 = ADVANCED_FACE('',(#2625),#2636,.T.);
#2625 = FACE_BOUND('',#2626,.T.);
#2626 = EDGE_LOOP('',(#2627,#2628,#2629,#2630));
#2627 = ORIENTED_EDGE('',*,*,#1810,.F.);
#2628 = ORIENTED_EDGE('',*,*,#2612,.T.);
#2629 = ORIENTED_EDGE('',*,*,#1255,.F.);
#2630 = ORIENTED_EDGE('',*,*,#2631,.F.);
#2631 = EDGE_CURVE('',#1802,#1247,#2632,.T.);
#2632 = LINE('',#2633,#2634);
#2633 = CARTESIAN_POINT('',(-14.337439,-23.411608,42.418));
#2634 = VECTOR('',#2635,1.);
#2635 = DIRECTION('',(0.,0.,1.));
#2636 = PLANE('',#2637);
#2637 = AXIS2_PLACEMENT_3D('',#2638,#2639,#2640);
#2638 = CARTESIAN_POINT('',(14.337439037367,-23.411608,42.418));
#2639 = DIRECTION('',(0.,-1.,0.));
#2640 = DIRECTION('',(-1.,0.,0.));
#2641 = ADVANCED_FACE('',(#2642),#2648,.F.);
#2642 = FACE_BOUND('',#2643,.F.);
#2643 = EDGE_LOOP('',(#2644,#2645,#2646,#2647));
#2644 = ORIENTED_EDGE('',*,*,#1801,.F.);
#2645 = ORIENTED_EDGE('',*,*,#2590,.T.);
#2646 = ORIENTED_EDGE('',*,*,#1246,.T.);
#2647 = ORIENTED_EDGE('',*,*,#2631,.F.);
#2648 = CYLINDRICAL_SURFACE('',#2649,1.905);
#2649 = AXIS2_PLACEMENT_3D('',#2650,#2651,#2652);
#2650 = CARTESIAN_POINT('',(-14.337439,-25.316608,42.418));
#2651 = DIRECTION('',(0.,0.,-1.));
#2652 = DIRECTION('',(1.,0.,0.));
#2653 = ADVANCED_FACE('',(#2654),#2673,.F.);
#2654 = FACE_BOUND('',#2655,.F.);
#2655 = EDGE_LOOP('',(#2656,#2664,#2671,#2672));
#2656 = ORIENTED_EDGE('',*,*,#2657,.T.);
#2657 = EDGE_CURVE('',#1273,#2658,#2660,.T.);
#2658 = VERTEX_POINT('',#2659);
#2659 = CARTESIAN_POINT('',(25.804263,-43.438538,36.449));
#2660 = LINE('',#2661,#2662);
#2661 = CARTESIAN_POINT('',(25.804263,-43.438538,44.958));
#2662 = VECTOR('',#2663,1.);
#2663 = DIRECTION('',(-0.,-0.,-1.));
#2664 = ORIENTED_EDGE('',*,*,#2665,.T.);
#2665 = EDGE_CURVE('',#2658,#2658,#2666,.T.);
#2666 = CIRCLE('',#2667,4.064);
#2667 = AXIS2_PLACEMENT_3D('',#2668,#2669,#2670);
#2668 = CARTESIAN_POINT('',(21.740263,-43.438538,36.449));
#2669 = DIRECTION('',(0.,0.,1.));
#2670 = DIRECTION('',(1.,0.,0.));
#2671 = ORIENTED_EDGE('',*,*,#2657,.F.);
#2672 = ORIENTED_EDGE('',*,*,#1272,.F.);
#2673 = CYLINDRICAL_SURFACE('',#2674,4.064);
#2674 = AXIS2_PLACEMENT_3D('',#2675,#2676,#2677);
#2675 = CARTESIAN_POINT('',(21.740263,-43.438538,44.958));
#2676 = DIRECTION('',(0.,0.,1.));
#2677 = DIRECTION('',(1.,0.,0.));
#2678 = ADVANCED_FACE('',(#2679),#2690,.F.);
#2679 = FACE_BOUND('',#2680,.F.);
#2680 = EDGE_LOOP('',(#2681,#2682,#2688,#2689));
#2681 = ORIENTED_EDGE('',*,*,#2012,.F.);
#2682 = ORIENTED_EDGE('',*,*,#2683,.T.);
#2683 = EDGE_CURVE('',#2013,#1284,#2684,.T.);
#2684 = LINE('',#2685,#2686);
#2685 = CARTESIAN_POINT('',(-14.224,1.010466,42.418));
#2686 = VECTOR('',#2687,1.);
#2687 = DIRECTION('',(0.,0.,1.));
#2688 = ORIENTED_EDGE('',*,*,#1283,.T.);
#2689 = ORIENTED_EDGE('',*,*,#2683,.F.);
#2690 = CYLINDRICAL_SURFACE('',#2691,1.651);
#2691 = AXIS2_PLACEMENT_3D('',#2692,#2693,#2694);
#2692 = CARTESIAN_POINT('',(-15.875,1.010466,42.418));
#2693 = DIRECTION('',(0.,0.,-1.));
#2694 = DIRECTION('',(1.,0.,0.));
#2695 = ADVANCED_FACE('',(#2696),#2712,.F.);
#2696 = FACE_BOUND('',#2697,.F.);
#2697 = EDGE_LOOP('',(#2698,#2699,#2705,#2706));
#2698 = ORIENTED_EDGE('',*,*,#2034,.F.);
#2699 = ORIENTED_EDGE('',*,*,#2700,.T.);
#2700 = EDGE_CURVE('',#2024,#1297,#2701,.T.);
#2701 = LINE('',#2702,#2703);
#2702 = CARTESIAN_POINT('',(-1.524,6.32688427706,42.418));
#2703 = VECTOR('',#2704,1.);
#2704 = DIRECTION('',(0.,0.,1.));
#2705 = ORIENTED_EDGE('',*,*,#1294,.F.);
#2706 = ORIENTED_EDGE('',*,*,#2707,.F.);
#2707 = EDGE_CURVE('',#2035,#1295,#2708,.T.);
#2708 = LINE('',#2709,#2710);
#2709 = CARTESIAN_POINT('',(-1.524,-1.976065035417,42.418));
#2710 = VECTOR('',#2711,1.);
#2711 = DIRECTION('',(0.,0.,1.));
#2712 = PLANE('',#2713);
#2713 = AXIS2_PLACEMENT_3D('',#2714,#2715,#2716);
#2714 = CARTESIAN_POINT('',(-1.524,6.32688427706,42.418));
#2715 = DIRECTION('',(1.,0.,0.));
#2716 = DIRECTION('',(0.,-1.,0.));
#2717 = ADVANCED_FACE('',(#2718),#2729,.F.);
#2718 = FACE_BOUND('',#2719,.F.);
#2719 = EDGE_LOOP('',(#2720,#2721,#2722,#2723));
#2720 = ORIENTED_EDGE('',*,*,#2042,.F.);
#2721 = ORIENTED_EDGE('',*,*,#2707,.T.);
#2722 = ORIENTED_EDGE('',*,*,#1304,.T.);
#2723 = ORIENTED_EDGE('',*,*,#2724,.F.);
#2724 = EDGE_CURVE('',#2043,#1305,#2725,.T.);
#2725 = LINE('',#2726,#2727);
#2726 = CARTESIAN_POINT('',(-17.09603343171,24.997529233346,42.418));
#2727 = VECTOR('',#2728,1.);
#2728 = DIRECTION('',(0.,0.,1.));
#2729 = CYLINDRICAL_SURFACE('',#2730,18.923);
#2730 = AXIS2_PLACEMENT_3D('',#2731,#2732,#2733);
#2731 = CARTESIAN_POINT('',(2.7E-15,16.885466,42.418));
#2732 = DIRECTION('',(0.,0.,-1.));
#2733 = DIRECTION('',(1.,0.,0.));
#2734 = ADVANCED_FACE('',(#2735),#2746,.T.);
#2735 = FACE_BOUND('',#2736,.T.);
#2736 = EDGE_LOOP('',(#2737,#2738,#2739,#2740));
#2737 = ORIENTED_EDGE('',*,*,#2023,.F.);
#2738 = ORIENTED_EDGE('',*,*,#2700,.T.);
#2739 = ORIENTED_EDGE('',*,*,#1321,.T.);
#2740 = ORIENTED_EDGE('',*,*,#2741,.F.);
#2741 = EDGE_CURVE('',#2026,#1314,#2742,.T.);
#2742 = LINE('',#2743,#2744);
#2743 = CARTESIAN_POINT('',(-9.905536390534,20.846093831015,42.418));
#2744 = VECTOR('',#2745,1.);
#2745 = DIRECTION('',(0.,0.,1.));
#2746 = CYLINDRICAL_SURFACE('',#2747,10.668);
#2747 = AXIS2_PLACEMENT_3D('',#2748,#2749,#2750);
#2748 = CARTESIAN_POINT('',(0.,16.885466,42.418));
#2749 = DIRECTION('',(0.,0.,-1.));
#2750 = DIRECTION('',(1.,0.,0.));
#2751 = ADVANCED_FACE('',(#2752),#2758,.T.);
#2752 = FACE_BOUND('',#2753,.T.);
#2753 = EDGE_LOOP('',(#2754,#2755,#2756,#2757));
#2754 = ORIENTED_EDGE('',*,*,#2051,.F.);
#2755 = ORIENTED_EDGE('',*,*,#2741,.T.);
#2756 = ORIENTED_EDGE('',*,*,#1313,.F.);
#2757 = ORIENTED_EDGE('',*,*,#2724,.F.);
#2758 = PLANE('',#2759);
#2759 = AXIS2_PLACEMENT_3D('',#2760,#2761,#2762);
#2760 = CARTESIAN_POINT('',(-9.905536390534,20.846093831015,42.418));
#2761 = DIRECTION('',(-0.5,-0.866025403784,0.));
#2762 = DIRECTION('',(-0.866025403784,0.5,0.));
#2763 = ADVANCED_FACE('',(#2764),#2775,.F.);
#2764 = FACE_BOUND('',#2765,.F.);
#2765 = EDGE_LOOP('',(#2766,#2767,#2773,#2774));
#2766 = ORIENTED_EDGE('',*,*,#2106,.F.);
#2767 = ORIENTED_EDGE('',*,*,#2768,.T.);
#2768 = EDGE_CURVE('',#2107,#1331,#2769,.T.);
#2769 = LINE('',#2770,#2771);
#2770 = CARTESIAN_POINT('',(-14.224,32.760466,42.418));
#2771 = VECTOR('',#2772,1.);
#2772 = DIRECTION('',(0.,0.,1.));
#2773 = ORIENTED_EDGE('',*,*,#1330,.T.);
#2774 = ORIENTED_EDGE('',*,*,#2768,.F.);
#2775 = CYLINDRICAL_SURFACE('',#2776,1.651);
#2776 = AXIS2_PLACEMENT_3D('',#2777,#2778,#2779);
#2777 = CARTESIAN_POINT('',(-15.875,32.760466,42.418));
#2778 = DIRECTION('',(0.,0.,-1.));
#2779 = DIRECTION('',(1.,0.,0.));
#2780 = ADVANCED_FACE('',(#2781),#2800,.F.);
#2781 = FACE_BOUND('',#2782,.F.);
#2782 = EDGE_LOOP('',(#2783,#2791,#2798,#2799));
#2783 = ORIENTED_EDGE('',*,*,#2784,.T.);
#2784 = EDGE_CURVE('',#1342,#2785,#2787,.T.);
#2785 = VERTEX_POINT('',#2786);
#2786 = CARTESIAN_POINT('',(-21.04535393815,43.102746603913,36.449));
#2787 = LINE('',#2788,#2789);
#2788 = CARTESIAN_POINT('',(-21.04535393815,43.102746603913,44.958));
#2789 = VECTOR('',#2790,1.);
#2790 = DIRECTION('',(-0.,-0.,-1.));
#2791 = ORIENTED_EDGE('',*,*,#2792,.T.);
#2792 = EDGE_CURVE('',#2785,#2785,#2793,.T.);
#2793 = CIRCLE('',#2794,4.064);
#2794 = AXIS2_PLACEMENT_3D('',#2795,#2796,#2797);
#2795 = CARTESIAN_POINT('',(-25.10935393815,43.102746603913,36.449));
#2796 = DIRECTION('',(0.,0.,1.));
#2797 = DIRECTION('',(1.,0.,0.));
#2798 = ORIENTED_EDGE('',*,*,#2784,.F.);
#2799 = ORIENTED_EDGE('',*,*,#1341,.F.);
#2800 = CYLINDRICAL_SURFACE('',#2801,4.064);
#2801 = AXIS2_PLACEMENT_3D('',#2802,#2803,#2804);
#2802 = CARTESIAN_POINT('',(-25.10935393815,43.102746603913,44.958));
#2803 = DIRECTION('',(0.,0.,1.));
#2804 = DIRECTION('',(1.,0.,0.));
#2805 = ADVANCED_FACE('',(#2806),#2822,.F.);
#2806 = FACE_BOUND('',#2807,.F.);
#2807 = EDGE_LOOP('',(#2808,#2809,#2815,#2816));
#2808 = ORIENTED_EDGE('',*,*,#2097,.F.);
#2809 = ORIENTED_EDGE('',*,*,#2810,.T.);
#2810 = EDGE_CURVE('',#2090,#1353,#2811,.T.);
#2811 = LINE('',#2812,#2813);
#2812 = CARTESIAN_POINT('',(17.09656503094,24.996408802341,42.418));
#2813 = VECTOR('',#2814,1.);
#2814 = DIRECTION('',(0.,0.,1.));
#2815 = ORIENTED_EDGE('',*,*,#1352,.T.);
#2816 = ORIENTED_EDGE('',*,*,#2817,.F.);
#2817 = EDGE_CURVE('',#2073,#1355,#2818,.T.);
#2818 = LINE('',#2819,#2820);
#2819 = CARTESIAN_POINT('',(1.524,-1.976065035417,42.418));
#2820 = VECTOR('',#2821,1.);
#2821 = DIRECTION('',(0.,0.,1.));
#2822 = CYLINDRICAL_SURFACE('',#2823,18.923);
#2823 = AXIS2_PLACEMENT_3D('',#2824,#2825,#2826);
#2824 = CARTESIAN_POINT('',(2.7E-15,16.885466,42.418));
#2825 = DIRECTION('',(0.,0.,-1.));
#2826 = DIRECTION('',(1.,0.,0.));
#2827 = ADVANCED_FACE('',(#2828),#2839,.T.);
#2828 = FACE_BOUND('',#2829,.T.);
#2829 = EDGE_LOOP('',(#2830,#2831,#2832,#2833));
#2830 = ORIENTED_EDGE('',*,*,#2089,.F.);
#2831 = ORIENTED_EDGE('',*,*,#2810,.T.);
#2832 = ORIENTED_EDGE('',*,*,#1380,.F.);
#2833 = ORIENTED_EDGE('',*,*,#2834,.F.);
#2834 = EDGE_CURVE('',#2081,#1372,#2835,.T.);
#2835 = LINE('',#2836,#2837);
#2836 = CARTESIAN_POINT('',(9.906,20.844934146102,42.418));
#2837 = VECTOR('',#2838,1.);
#2838 = DIRECTION('',(0.,0.,1.));
#2839 = PLANE('',#2840);
#2840 = AXIS2_PLACEMENT_3D('',#2841,#2842,#2843);
#2841 = CARTESIAN_POINT('',(17.09656503094,24.996408802341,42.418));
#2842 = DIRECTION('',(0.5,-0.866025403784,0.));
#2843 = DIRECTION('',(-0.866025403784,-0.5,0.));
#2844 = ADVANCED_FACE('',(#2845),#2856,.T.);
#2845 = FACE_BOUND('',#2846,.T.);
#2846 = EDGE_LOOP('',(#2847,#2848,#2854,#2855));
#2847 = ORIENTED_EDGE('',*,*,#2070,.F.);
#2848 = ORIENTED_EDGE('',*,*,#2849,.T.);
#2849 = EDGE_CURVE('',#2071,#1364,#2850,.T.);
#2850 = LINE('',#2851,#2852);
#2851 = CARTESIAN_POINT('',(1.524,6.32688427706,42.418));
#2852 = VECTOR('',#2853,1.);
#2853 = DIRECTION('',(0.,0.,1.));
#2854 = ORIENTED_EDGE('',*,*,#1363,.F.);
#2855 = ORIENTED_EDGE('',*,*,#2817,.F.);
#2856 = PLANE('',#2857);
#2857 = AXIS2_PLACEMENT_3D('',#2858,#2859,#2860);
#2858 = CARTESIAN_POINT('',(1.524,6.32688427706,42.418));
#2859 = DIRECTION('',(1.,0.,0.));
#2860 = DIRECTION('',(0.,-1.,0.));
#2861 = ADVANCED_FACE('',(#2862),#2868,.T.);
#2862 = FACE_BOUND('',#2863,.T.);
#2863 = EDGE_LOOP('',(#2864,#2865,#2866,#2867));
#2864 = ORIENTED_EDGE('',*,*,#2080,.F.);
#2865 = ORIENTED_EDGE('',*,*,#2834,.T.);
#2866 = ORIENTED_EDGE('',*,*,#1371,.T.);
#2867 = ORIENTED_EDGE('',*,*,#2849,.F.);
#2868 = CYLINDRICAL_SURFACE('',#2869,10.668);
#2869 = AXIS2_PLACEMENT_3D('',#2870,#2871,#2872);
#2870 = CARTESIAN_POINT('',(0.,16.885466,42.418));
#2871 = DIRECTION('',(0.,0.,-1.));
#2872 = DIRECTION('',(1.,0.,0.));
#2873 = ADVANCED_FACE('',(#2874),#2885,.F.);
#2874 = FACE_BOUND('',#2875,.F.);
#2875 = EDGE_LOOP('',(#2876,#2877,#2883,#2884));
#2876 = ORIENTED_EDGE('',*,*,#2059,.F.);
#2877 = ORIENTED_EDGE('',*,*,#2878,.T.);
#2878 = EDGE_CURVE('',#2060,#1389,#2879,.T.);
#2879 = LINE('',#2880,#2881);
#2880 = CARTESIAN_POINT('',(17.526,1.010466,42.418));
#2881 = VECTOR('',#2882,1.);
#2882 = DIRECTION('',(0.,0.,1.));
#2883 = ORIENTED_EDGE('',*,*,#1388,.T.);
#2884 = ORIENTED_EDGE('',*,*,#2878,.F.);
#2885 = CYLINDRICAL_SURFACE('',#2886,1.651);
#2886 = AXIS2_PLACEMENT_3D('',#2887,#2888,#2889);
#2887 = CARTESIAN_POINT('',(15.875,1.010466,42.418));
#2888 = DIRECTION('',(0.,0.,-1.));
#2889 = DIRECTION('',(1.,0.,0.));
#2890 = ADVANCED_FACE('',(#2891),#2907,.T.);
#2891 = FACE_BOUND('',#2892,.T.);
#2892 = EDGE_LOOP('',(#2893,#2894,#2900,#2901));
#2893 = ORIENTED_EDGE('',*,*,#2144,.F.);
#2894 = ORIENTED_EDGE('',*,*,#2895,.T.);
#2895 = EDGE_CURVE('',#2120,#1400,#2896,.T.);
#2896 = LINE('',#2897,#2898);
#2897 = CARTESIAN_POINT('',(-8.325660453038,23.453479266637,42.418));
#2898 = VECTOR('',#2899,1.);
#2899 = DIRECTION('',(0.,0.,1.));
#2900 = ORIENTED_EDGE('',*,*,#1399,.T.);
#2901 = ORIENTED_EDGE('',*,*,#2902,.F.);
#2902 = EDGE_CURVE('',#2137,#1402,#2903,.T.);
#2903 = LINE('',#2904,#2905);
#2904 = CARTESIAN_POINT('',(8.326434033842,23.452498551318,42.418));
#2905 = VECTOR('',#2906,1.);
#2906 = DIRECTION('',(0.,0.,1.));
#2907 = CYLINDRICAL_SURFACE('',#2908,10.6045);
#2908 = AXIS2_PLACEMENT_3D('',#2909,#2910,#2911);
#2909 = CARTESIAN_POINT('',(0.,16.885466,42.418));
#2910 = DIRECTION('',(0.,0.,-1.));
#2911 = DIRECTION('',(1.,0.,0.));
#2912 = ADVANCED_FACE('',(#2913),#2924,.T.);
#2913 = FACE_BOUND('',#2914,.T.);
#2914 = EDGE_LOOP('',(#2915,#2916,#2922,#2923));
#2915 = ORIENTED_EDGE('',*,*,#2117,.F.);
#2916 = ORIENTED_EDGE('',*,*,#2917,.T.);
#2917 = EDGE_CURVE('',#2118,#1411,#2918,.T.);
#2918 = LINE('',#2919,#2920);
#2919 = CARTESIAN_POINT('',(-15.57186044195,27.637074780841,42.418));
#2920 = VECTOR('',#2921,1.);
#2921 = DIRECTION('',(0.,0.,1.));
#2922 = ORIENTED_EDGE('',*,*,#1410,.F.);
#2923 = ORIENTED_EDGE('',*,*,#2895,.F.);
#2924 = PLANE('',#2925);
#2925 = AXIS2_PLACEMENT_3D('',#2926,#2927,#2928);
#2926 = CARTESIAN_POINT('',(-15.57186044195,27.637074780841,42.418));
#2927 = DIRECTION('',(0.5,0.866025403784,0.));
#2928 = DIRECTION('',(0.866025403784,-0.5,0.));
#2929 = ADVANCED_FACE('',(#2930),#2941,.T.);
#2930 = FACE_BOUND('',#2931,.T.);
#2931 = EDGE_LOOP('',(#2932,#2933,#2934,#2935));
#2932 = ORIENTED_EDGE('',*,*,#2136,.F.);
#2933 = ORIENTED_EDGE('',*,*,#2902,.T.);
#2934 = ORIENTED_EDGE('',*,*,#1427,.F.);
#2935 = ORIENTED_EDGE('',*,*,#2936,.F.);
#2936 = EDGE_CURVE('',#2128,#1419,#2937,.T.);
#2937 = LINE('',#2938,#2939);
#2938 = CARTESIAN_POINT('',(15.57256503094,27.636054233076,42.418));
#2939 = VECTOR('',#2940,1.);
#2940 = DIRECTION('',(0.,0.,1.));
#2941 = PLANE('',#2942);
#2942 = AXIS2_PLACEMENT_3D('',#2943,#2944,#2945);
#2943 = CARTESIAN_POINT('',(8.326434033842,23.452498551318,42.418));
#2944 = DIRECTION('',(-0.5,0.866025403784,0.));
#2945 = DIRECTION('',(0.866025403784,0.5,0.));
#2946 = ADVANCED_FACE('',(#2947),#2953,.F.);
#2947 = FACE_BOUND('',#2948,.F.);
#2948 = EDGE_LOOP('',(#2949,#2950,#2951,#2952));
#2949 = ORIENTED_EDGE('',*,*,#2127,.F.);
#2950 = ORIENTED_EDGE('',*,*,#2917,.T.);
#2951 = ORIENTED_EDGE('',*,*,#1418,.T.);
#2952 = ORIENTED_EDGE('',*,*,#2936,.F.);
#2953 = CYLINDRICAL_SURFACE('',#2954,19.05);
#2954 = AXIS2_PLACEMENT_3D('',#2955,#2956,#2957);
#2955 = CARTESIAN_POINT('',(-7.2742478125E-06,16.663475147022,42.418));
#2956 = DIRECTION('',(0.,0.,-1.));
#2957 = DIRECTION('',(1.,0.,0.));
#2958 = ADVANCED_FACE('',(#2959),#2970,.F.);
#2959 = FACE_BOUND('',#2960,.F.);
#2960 = EDGE_LOOP('',(#2961,#2962,#2968,#2969));
#2961 = ORIENTED_EDGE('',*,*,#2153,.F.);
#2962 = ORIENTED_EDGE('',*,*,#2963,.T.);
#2963 = EDGE_CURVE('',#2154,#1436,#2964,.T.);
#2964 = LINE('',#2965,#2966);
#2965 = CARTESIAN_POINT('',(17.526,32.760466,42.418));
#2966 = VECTOR('',#2967,1.);
#2967 = DIRECTION('',(0.,0.,1.));
#2968 = ORIENTED_EDGE('',*,*,#1435,.T.);
#2969 = ORIENTED_EDGE('',*,*,#2963,.F.);
#2970 = CYLINDRICAL_SURFACE('',#2971,1.651);
#2971 = AXIS2_PLACEMENT_3D('',#2972,#2973,#2974);
#2972 = CARTESIAN_POINT('',(15.875,32.760466,42.418));
#2973 = DIRECTION('',(0.,0.,-1.));
#2974 = DIRECTION('',(1.,0.,0.));
#2975 = ADVANCED_FACE('',(#2976),#2995,.F.);
#2976 = FACE_BOUND('',#2977,.F.);
#2977 = EDGE_LOOP('',(#2978,#2986,#2993,#2994));
#2978 = ORIENTED_EDGE('',*,*,#2979,.T.);
#2979 = EDGE_CURVE('',#1447,#2980,#2982,.T.);
#2980 = VERTEX_POINT('',#2981);
#2981 = CARTESIAN_POINT('',(25.804263,43.102746603913,36.449));
#2982 = LINE('',#2983,#2984);
#2983 = CARTESIAN_POINT('',(25.804263,43.102746603913,44.958));
#2984 = VECTOR('',#2985,1.);
#2985 = DIRECTION('',(-0.,-0.,-1.));
#2986 = ORIENTED_EDGE('',*,*,#2987,.T.);
#2987 = EDGE_CURVE('',#2980,#2980,#2988,.T.);
#2988 = CIRCLE('',#2989,4.064);
#2989 = AXIS2_PLACEMENT_3D('',#2990,#2991,#2992);
#2990 = CARTESIAN_POINT('',(21.740263,43.102746603913,36.449));
#2991 = DIRECTION('',(0.,0.,1.));
#2992 = DIRECTION('',(1.,0.,0.));
#2993 = ORIENTED_EDGE('',*,*,#2979,.F.);
#2994 = ORIENTED_EDGE('',*,*,#1446,.F.);
#2995 = CYLINDRICAL_SURFACE('',#2996,4.064);
#2996 = AXIS2_PLACEMENT_3D('',#2997,#2998,#2999);
#2997 = CARTESIAN_POINT('',(21.740263,43.102746603913,44.958));
#2998 = DIRECTION('',(0.,0.,1.));
#2999 = DIRECTION('',(1.,0.,0.));
#3000 = ADVANCED_FACE('',(#3001),#3019,.F.);
#3001 = FACE_BOUND('',#3002,.F.);
#3002 = EDGE_LOOP('',(#3003,#3012,#3017,#3018));
#3003 = ORIENTED_EDGE('',*,*,#3004,.F.);
#3004 = EDGE_CURVE('',#3005,#3005,#3007,.T.);
#3005 = VERTEX_POINT('',#3006);
#3006 = CARTESIAN_POINT('',(-22.95035393815,-43.438538,36.449));
#3007 = CIRCLE('',#3008,2.159);
#3008 = AXIS2_PLACEMENT_3D('',#3009,#3010,#3011);
#3009 = CARTESIAN_POINT('',(-25.10935393815,-43.438538,36.449));
#3010 = DIRECTION('',(0.,0.,1.));
#3011 = DIRECTION('',(1.,0.,0.));
#3012 = ORIENTED_EDGE('',*,*,#3013,.F.);
#3013 = EDGE_CURVE('',#1542,#3005,#3014,.T.);
#3014 = B_SPLINE_CURVE_WITH_KNOTS('',1,(#3015,#3016),.UNSPECIFIED.,.F.,
  .F.,(2,2),(-22.352,0.),.PIECEWISE_BEZIER_KNOTS.);
#3015 = CARTESIAN_POINT('',(-22.95035393815,-43.438538,22.606));
#3016 = CARTESIAN_POINT('',(-22.95035393815,-43.438538,44.958));
#3017 = ORIENTED_EDGE('',*,*,#1541,.T.);
#3018 = ORIENTED_EDGE('',*,*,#3013,.T.);
#3019 = CYLINDRICAL_SURFACE('',#3020,2.159);
#3020 = AXIS2_PLACEMENT_3D('',#3021,#3022,#3023);
#3021 = CARTESIAN_POINT('',(-25.10935393815,-43.438538,44.958));
#3022 = DIRECTION('',(0.,0.,1.));
#3023 = DIRECTION('',(1.,0.,0.));
#3024 = ADVANCED_FACE('',(#3025,#3043),#3054,.F.);
#3025 = FACE_BOUND('',#3026,.F.);
#3026 = EDGE_LOOP('',(#3027,#3028,#3036,#3042));
#3027 = ORIENTED_EDGE('',*,*,#1630,.F.);
#3028 = ORIENTED_EDGE('',*,*,#3029,.T.);
#3029 = EDGE_CURVE('',#1623,#3030,#3032,.T.);
#3030 = VERTEX_POINT('',#3031);
#3031 = CARTESIAN_POINT('',(5.989836585707,-22.886717,25.4));
#3032 = LINE('',#3033,#3034);
#3033 = CARTESIAN_POINT('',(5.989836585707,-22.886717,42.418));
#3034 = VECTOR('',#3035,1.);
#3035 = DIRECTION('',(0.,0.,-1.));
#3036 = ORIENTED_EDGE('',*,*,#3037,.F.);
#3037 = EDGE_CURVE('',#1888,#3030,#3038,.T.);
#3038 = LINE('',#3039,#3040);
#3039 = CARTESIAN_POINT('',(5.989836585707,-11.4433585,25.4));
#3040 = VECTOR('',#3041,1.);
#3041 = DIRECTION('',(0.,-1.,0.));
#3042 = ORIENTED_EDGE('',*,*,#1887,.F.);
#3043 = FACE_BOUND('',#3044,.F.);
#3044 = EDGE_LOOP('',(#3045));
#3045 = ORIENTED_EDGE('',*,*,#3046,.F.);
#3046 = EDGE_CURVE('',#3047,#3047,#3049,.T.);
#3047 = VERTEX_POINT('',#3048);
#3048 = CARTESIAN_POINT('',(5.989836585707,-10.38113032188,35.179));
#3049 = CIRCLE('',#3050,4.064);
#3050 = AXIS2_PLACEMENT_3D('',#3051,#3052,#3053);
#3051 = CARTESIAN_POINT('',(5.989836585707,-14.44513032188,35.179));
#3052 = DIRECTION('',(1.,0.,0.));
#3053 = DIRECTION('',(0.,1.,0.));
#3054 = PLANE('',#3055);
#3055 = AXIS2_PLACEMENT_3D('',#3056,#3057,#3058);
#3056 = CARTESIAN_POINT('',(5.989836585707,-22.886717,42.418));
#3057 = DIRECTION('',(1.,0.,0.));
#3058 = DIRECTION('',(0.,1.,0.));
#3059 = ADVANCED_FACE('',(#3060),#3078,.F.);
#3060 = FACE_BOUND('',#3061,.F.);
#3061 = EDGE_LOOP('',(#3062,#3063,#3071,#3077));
#3062 = ORIENTED_EDGE('',*,*,#1622,.F.);
#3063 = ORIENTED_EDGE('',*,*,#3064,.T.);
#3064 = EDGE_CURVE('',#1615,#3065,#3067,.T.);
#3065 = VERTEX_POINT('',#3066);
#3066 = CARTESIAN_POINT('',(8.529836585707,-22.886717,25.4));
#3067 = LINE('',#3068,#3069);
#3068 = CARTESIAN_POINT('',(8.529836585707,-22.886717,42.418));
#3069 = VECTOR('',#3070,1.);
#3070 = DIRECTION('',(0.,0.,-1.));
#3071 = ORIENTED_EDGE('',*,*,#3072,.F.);
#3072 = EDGE_CURVE('',#3030,#3065,#3073,.T.);
#3073 = LINE('',#3074,#3075);
#3074 = CARTESIAN_POINT('',(3.830836585707,-22.886717,25.4));
#3075 = VECTOR('',#3076,1.);
#3076 = DIRECTION('',(1.,0.,0.));
#3077 = ORIENTED_EDGE('',*,*,#3029,.F.);
#3078 = PLANE('',#3079);
#3079 = AXIS2_PLACEMENT_3D('',#3080,#3081,#3082);
#3080 = CARTESIAN_POINT('',(8.529836585707,-22.886717,42.418));
#3081 = DIRECTION('',(0.,1.,0.));
#3082 = DIRECTION('',(-1.,0.,0.));
#3083 = ADVANCED_FACE('',(#3084,#3095),#3106,.F.);
#3084 = FACE_BOUND('',#3085,.F.);
#3085 = EDGE_LOOP('',(#3086,#3087,#3088,#3094));
#3086 = ORIENTED_EDGE('',*,*,#1614,.F.);
#3087 = ORIENTED_EDGE('',*,*,#1903,.T.);
#3088 = ORIENTED_EDGE('',*,*,#3089,.F.);
#3089 = EDGE_CURVE('',#3065,#1896,#3090,.T.);
#3090 = LINE('',#3091,#3092);
#3091 = CARTESIAN_POINT('',(8.529836585707,-3.666565160941,25.4));
#3092 = VECTOR('',#3093,1.);
#3093 = DIRECTION('',(0.,1.,0.));
#3094 = ORIENTED_EDGE('',*,*,#3064,.F.);
#3095 = FACE_BOUND('',#3096,.F.);
#3096 = EDGE_LOOP('',(#3097));
#3097 = ORIENTED_EDGE('',*,*,#3098,.T.);
#3098 = EDGE_CURVE('',#3099,#3099,#3101,.T.);
#3099 = VERTEX_POINT('',#3100);
#3100 = CARTESIAN_POINT('',(8.529836585707,-10.38113032188,35.179));
#3101 = CIRCLE('',#3102,4.064);
#3102 = AXIS2_PLACEMENT_3D('',#3103,#3104,#3105);
#3103 = CARTESIAN_POINT('',(8.529836585707,-14.44513032188,35.179));
#3104 = DIRECTION('',(1.,0.,0.));
#3105 = DIRECTION('',(0.,1.,0.));
#3106 = PLANE('',#3107);
#3107 = AXIS2_PLACEMENT_3D('',#3108,#3109,#3110);
#3108 = CARTESIAN_POINT('',(8.529836585707,-7.333130321881,42.418));
#3109 = DIRECTION('',(-1.,-0.,-0.));
#3110 = DIRECTION('',(0.,-1.,0.));
#3111 = ADVANCED_FACE('',(#3112),#3130,.F.);
#3112 = FACE_BOUND('',#3113,.F.);
#3113 = EDGE_LOOP('',(#3114,#3123,#3128,#3129));
#3114 = ORIENTED_EDGE('',*,*,#3115,.F.);
#3115 = EDGE_CURVE('',#3116,#3116,#3118,.T.);
#3116 = VERTEX_POINT('',#3117);
#3117 = CARTESIAN_POINT('',(23.899263,-43.438538,36.449));
#3118 = CIRCLE('',#3119,2.159);
#3119 = AXIS2_PLACEMENT_3D('',#3120,#3121,#3122);
#3120 = CARTESIAN_POINT('',(21.740263,-43.438538,36.449));
#3121 = DIRECTION('',(0.,0.,1.));
#3122 = DIRECTION('',(1.,0.,0.));
#3123 = ORIENTED_EDGE('',*,*,#3124,.F.);
#3124 = EDGE_CURVE('',#1846,#3116,#3125,.T.);
#3125 = B_SPLINE_CURVE_WITH_KNOTS('',1,(#3126,#3127),.UNSPECIFIED.,.F.,
  .F.,(2,2),(-22.352,0.),.PIECEWISE_BEZIER_KNOTS.);
#3126 = CARTESIAN_POINT('',(23.899263,-43.438538,22.606));
#3127 = CARTESIAN_POINT('',(23.899263,-43.438538,44.958));
#3128 = ORIENTED_EDGE('',*,*,#1845,.T.);
#3129 = ORIENTED_EDGE('',*,*,#3124,.T.);
#3130 = CYLINDRICAL_SURFACE('',#3131,2.159);
#3131 = AXIS2_PLACEMENT_3D('',#3132,#3133,#3134);
#3132 = CARTESIAN_POINT('',(21.740263,-43.438538,44.958));
#3133 = DIRECTION('',(0.,0.,1.));
#3134 = DIRECTION('',(1.,0.,0.));
#3135 = ADVANCED_FACE('',(#3136),#3142,.F.);
#3136 = FACE_BOUND('',#3137,.F.);
#3137 = EDGE_LOOP('',(#3138,#3139,#3140,#3141));
#3138 = ORIENTED_EDGE('',*,*,#3089,.T.);
#3139 = ORIENTED_EDGE('',*,*,#1895,.T.);
#3140 = ORIENTED_EDGE('',*,*,#3037,.T.);
#3141 = ORIENTED_EDGE('',*,*,#3072,.T.);
#3142 = PLANE('',#3143);
#3143 = AXIS2_PLACEMENT_3D('',#3144,#3145,#3146);
#3144 = CARTESIAN_POINT('',(-0.868163414293,-4.603689754113E-16,25.4));
#3145 = DIRECTION('',(0.,0.,1.));
#3146 = DIRECTION('',(1.,0.,0.));
#3147 = ADVANCED_FACE('',(#3148),#3166,.F.);
#3148 = FACE_BOUND('',#3149,.F.);
#3149 = EDGE_LOOP('',(#3150,#3159,#3164,#3165));
#3150 = ORIENTED_EDGE('',*,*,#3151,.F.);
#3151 = EDGE_CURVE('',#3152,#3152,#3154,.T.);
#3152 = VERTEX_POINT('',#3153);
#3153 = CARTESIAN_POINT('',(23.899263,43.102746603913,36.449));
#3154 = CIRCLE('',#3155,2.159);
#3155 = AXIS2_PLACEMENT_3D('',#3156,#3157,#3158);
#3156 = CARTESIAN_POINT('',(21.740263,43.102746603913,36.449));
#3157 = DIRECTION('',(0.,0.,1.));
#3158 = DIRECTION('',(1.,0.,0.));
#3159 = ORIENTED_EDGE('',*,*,#3160,.F.);
#3160 = EDGE_CURVE('',#2183,#3152,#3161,.T.);
#3161 = B_SPLINE_CURVE_WITH_KNOTS('',1,(#3162,#3163),.UNSPECIFIED.,.F.,
  .F.,(2,2),(-22.352,0.),.PIECEWISE_BEZIER_KNOTS.);
#3162 = CARTESIAN_POINT('',(23.899263,43.102746603913,22.606));
#3163 = CARTESIAN_POINT('',(23.899263,43.102746603913,44.958));
#3164 = ORIENTED_EDGE('',*,*,#2182,.T.);
#3165 = ORIENTED_EDGE('',*,*,#3160,.T.);
#3166 = CYLINDRICAL_SURFACE('',#3167,2.159);
#3167 = AXIS2_PLACEMENT_3D('',#3168,#3169,#3170);
#3168 = CARTESIAN_POINT('',(21.740263,43.102746603913,44.958));
#3169 = DIRECTION('',(0.,0.,1.));
#3170 = DIRECTION('',(1.,0.,0.));
#3171 = ADVANCED_FACE('',(#3172),#3190,.F.);
#3172 = FACE_BOUND('',#3173,.F.);
#3173 = EDGE_LOOP('',(#3174,#3183,#3188,#3189));
#3174 = ORIENTED_EDGE('',*,*,#3175,.F.);
#3175 = EDGE_CURVE('',#3176,#3176,#3178,.T.);
#3176 = VERTEX_POINT('',#3177);
#3177 = CARTESIAN_POINT('',(-22.95035393815,43.102746603913,36.449));
#3178 = CIRCLE('',#3179,2.159);
#3179 = AXIS2_PLACEMENT_3D('',#3180,#3181,#3182);
#3180 = CARTESIAN_POINT('',(-25.10935393815,43.102746603913,36.449));
#3181 = DIRECTION('',(0.,0.,1.));
#3182 = DIRECTION('',(1.,0.,0.));
#3183 = ORIENTED_EDGE('',*,*,#3184,.F.);
#3184 = EDGE_CURVE('',#2250,#3176,#3185,.T.);
#3185 = B_SPLINE_CURVE_WITH_KNOTS('',1,(#3186,#3187),.UNSPECIFIED.,.F.,
  .F.,(2,2),(-22.352,0.),.PIECEWISE_BEZIER_KNOTS.);
#3186 = CARTESIAN_POINT('',(-22.95035393815,43.102746603913,22.606));
#3187 = CARTESIAN_POINT('',(-22.95035393815,43.102746603913,44.958));
#3188 = ORIENTED_EDGE('',*,*,#2249,.T.);
#3189 = ORIENTED_EDGE('',*,*,#3184,.T.);
#3190 = CYLINDRICAL_SURFACE('',#3191,2.159);
#3191 = AXIS2_PLACEMENT_3D('',#3192,#3193,#3194);
#3192 = CARTESIAN_POINT('',(-25.10935393815,43.102746603913,44.958));
#3193 = DIRECTION('',(0.,0.,1.));
#3194 = DIRECTION('',(1.,0.,0.));
#3195 = ADVANCED_FACE('',(#3196,#3199),#3202,.T.);
#3196 = FACE_BOUND('',#3197,.T.);
#3197 = EDGE_LOOP('',(#3198));
#3198 = ORIENTED_EDGE('',*,*,#2300,.T.);
#3199 = FACE_BOUND('',#3200,.T.);
#3200 = EDGE_LOOP('',(#3201));
#3201 = ORIENTED_EDGE('',*,*,#3004,.F.);
#3202 = PLANE('',#3203);
#3203 = AXIS2_PLACEMENT_3D('',#3204,#3205,#3206);
#3204 = CARTESIAN_POINT('',(-1.684545469077,-0.167895698044,36.449));
#3205 = DIRECTION('',(0.,0.,1.));
#3206 = DIRECTION('',(1.,0.,0.));
#3207 = ADVANCED_FACE('',(#3208,#3211),#3214,.T.);
#3208 = FACE_BOUND('',#3209,.T.);
#3209 = EDGE_LOOP('',(#3210));
#3210 = ORIENTED_EDGE('',*,*,#2665,.T.);
#3211 = FACE_BOUND('',#3212,.T.);
#3212 = EDGE_LOOP('',(#3213));
#3213 = ORIENTED_EDGE('',*,*,#3115,.F.);
#3214 = PLANE('',#3215);
#3215 = AXIS2_PLACEMENT_3D('',#3216,#3217,#3218);
#3216 = CARTESIAN_POINT('',(-1.684545469077,-0.167895698044,36.449));
#3217 = DIRECTION('',(0.,0.,1.));
#3218 = DIRECTION('',(1.,0.,0.));
#3219 = ADVANCED_FACE('',(#3220,#3223),#3226,.T.);
#3220 = FACE_BOUND('',#3221,.T.);
#3221 = EDGE_LOOP('',(#3222));
#3222 = ORIENTED_EDGE('',*,*,#2792,.T.);
#3223 = FACE_BOUND('',#3224,.T.);
#3224 = EDGE_LOOP('',(#3225));
#3225 = ORIENTED_EDGE('',*,*,#3175,.F.);
#3226 = PLANE('',#3227);
#3227 = AXIS2_PLACEMENT_3D('',#3228,#3229,#3230);
#3228 = CARTESIAN_POINT('',(-1.684545469077,-0.167895698044,36.449));
#3229 = DIRECTION('',(0.,0.,1.));
#3230 = DIRECTION('',(1.,0.,0.));
#3231 = ADVANCED_FACE('',(#3232,#3235),#3238,.T.);
#3232 = FACE_BOUND('',#3233,.T.);
#3233 = EDGE_LOOP('',(#3234));
#3234 = ORIENTED_EDGE('',*,*,#2987,.T.);
#3235 = FACE_BOUND('',#3236,.T.);
#3236 = EDGE_LOOP('',(#3237));
#3237 = ORIENTED_EDGE('',*,*,#3151,.F.);
#3238 = PLANE('',#3239);
#3239 = AXIS2_PLACEMENT_3D('',#3240,#3241,#3242);
#3240 = CARTESIAN_POINT('',(-1.684545469077,-0.167895698044,36.449));
#3241 = DIRECTION('',(0.,0.,1.));
#3242 = DIRECTION('',(1.,0.,0.));
#3243 = ADVANCED_FACE('',(#3244),#3255,.F.);
#3244 = FACE_BOUND('',#3245,.F.);
#3245 = EDGE_LOOP('',(#3246,#3252,#3253,#3254));
#3246 = ORIENTED_EDGE('',*,*,#3247,.F.);
#3247 = EDGE_CURVE('',#3099,#3047,#3248,.T.);
#3248 = LINE('',#3249,#3250);
#3249 = CARTESIAN_POINT('',(8.529836585707,-10.38113032188,35.179));
#3250 = VECTOR('',#3251,1.);
#3251 = DIRECTION('',(-1.,-0.,-0.));
#3252 = ORIENTED_EDGE('',*,*,#3098,.F.);
#3253 = ORIENTED_EDGE('',*,*,#3247,.T.);
#3254 = ORIENTED_EDGE('',*,*,#3046,.T.);
#3255 = CYLINDRICAL_SURFACE('',#3256,4.064);
#3256 = AXIS2_PLACEMENT_3D('',#3257,#3258,#3259);
#3257 = CARTESIAN_POINT('',(8.529836585707,-14.44513032188,35.179));
#3258 = DIRECTION('',(1.,0.,0.));
#3259 = DIRECTION('',(0.,1.,0.));
#3260 = ( GEOMETRIC_REPRESENTATION_CONTEXT(3) 
GLOBAL_UNCERTAINTY_ASSIGNED_CONTEXT((#3264)) 
GLOBAL_UNIT_ASSIGNED_CONTEXT((#3261,#3262,#3263)) REPRESENTATION_CONTEXT
('Context #1','3D Context with UNIT and UNCERTAINTY') );
#3261 = ( LENGTH_UNIT() NAMED_UNIT(*) SI_UNIT(.MILLI.,.METRE.) );
#3262 = ( NAMED_UNIT(*) PLANE_ANGLE_UNIT() SI_UNIT($,.RADIAN.) );
#3263 = ( NAMED_UNIT(*) SI_UNIT($,.STERADIAN.) SOLID_ANGLE_UNIT() );
#3264 = UNCERTAINTY_MEASURE_WITH_UNIT(LENGTH_MEASURE(2.E-05),#3261,
  'distance_accuracy_value','confusion accuracy');
#3265 = PRODUCT_RELATED_PRODUCT_CATEGORY('part',$,(#7));
#3266 = MECHANICAL_DESIGN_GEOMETRIC_PRESENTATION_REPRESENTATION('',(
    #3267),#3260);
#3267 = STYLED_ITEM('color',(#3268),#15);
#3268 = PRESENTATION_STYLE_ASSIGNMENT((#3269,#3275));
#3269 = SURFACE_STYLE_USAGE(.BOTH.,#3270);
#3270 = SURFACE_SIDE_STYLE('',(#3271));
#3271 = SURFACE_STYLE_FILL_AREA(#3272);
#3272 = FILL_AREA_STYLE('',(#3273));
#3273 = FILL_AREA_STYLE_COLOUR('',#3274);
#3274 = COLOUR_RGB('',0.678431390124,0.709803936702,0.741176476869);
#3275 = CURVE_STYLE('',#3276,POSITIVE_LENGTH_MEASURE(0.1),#3277);
#3276 = DRAUGHTING_PRE_DEFINED_CURVE_FONT('continuous');
#3277 = COLOUR_RGB('',9.803921802644E-02,9.803921802644E-02,
  9.803921802644E-02);
ENDSEC;
END-ISO-10303-21;
